"RelativePath","FileName","SizeBytes","SizeMB"
"FAQ_SevenStar.pdf","FAQ_SevenStar.pdf","67011","0.06"
"Guildelines_For_Disaster.pdf","Guildelines_For_Disaster.pdf","759375","0.72"
"budget\2025-26\Budget book 2025-2026.pdf","Budget book 2025-2026.pdf","27223572","25.96"
"budget\2026-27\Budget Book  2026-27 PDF.pdf","Budget Book  2026-27 PDF.pdf","17936442","17.11"
"budget\archive\Budget--21-22_Final.pdf","Budget--21-22_Final.pdf","1989116","1.9"
"budget\archive\BUDGET-PDF_2023-2024_.pdf","BUDGET-PDF_2023-2024_.pdf","5736269","5.47"
"budget\archive\Budget_18-19.pdf","Budget_18-19.pdf","12186278","11.62"
"budget\archive\Budget_2012-2013__.pdf","Budget_2012-2013__.pdf","3658888","3.49"
"budget\archive\Budget_2013-14__.pdf","Budget_2013-14__.pdf","3137580","2.99"
"budget\archive\BUDGET_2014-15.pdf","BUDGET_2014-15.pdf","4145517","3.95"
"budget\archive\Budget_2020-21.pdf","Budget_2020-21.pdf","2109121","2.01"
"budget\archive\budget_Book_2022_FINAL__web_2_compressed.pdf","budget_Book_2022_FINAL__web_2_compressed.pdf","31072634","29.63"
"budget\archive\Budget_Jama-15-16__1.pdf","Budget_Jama-15-16__1.pdf","319613","0.3"
"budget\archive\Budget_Jama_karch_2015-16.pdf","Budget_Jama_karch_2015-16.pdf","5165752","4.93"
"budget\archive\submitted_to_SC_budget_16-17.pdf","submitted_to_SC_budget_16-17.pdf","6984861","6.66"
"Chief Accounts Officer\B-1_Date_Wise_list_Contractor.pdf","B-1_Date_Wise_list_Contractor.pdf","245582","0.23"
"Chief Accounts Officer\july-aug_2018_account_deparment_rtgs.pdf","july-aug_2018_account_deparment_rtgs.pdf","120648","0.12"
"Chief Accounts Officer\Paid_Amt__of_Contractor_Apr-16_To_Jan-17.pdf","Paid_Amt__of_Contractor_Apr-16_To_Jan-17.pdf","111070","0.11"
"Chief Accounts Officer\Paid_Amt__of_Contractor_Jun_2018.pdf","Paid_Amt__of_Contractor_Jun_2018.pdf","8113316","7.74"
"Chief Accounts Officer\Paid_Amt__of_Contractor_OCT_2018_PDF.pdf","Paid_Amt__of_Contractor_OCT_2018_PDF.pdf","286602","0.27"
"Election Insights\AMC Election 2020\AMC_Map_2020_compressed.pdf","AMC_Map_2020_compressed.pdf","2841171","2.71"
"Election Insights\AMC Election 2020\Anaxture_10_Final.pdf","Anaxture_10_Final.pdf","1077614","1.03"
"Election Insights\AMC Election 2020\Anaxture_11_Final.pdf","Anaxture_11_Final.pdf","1171349","1.12"
"Election Insights\AMC Election 2020\Anaxture_3.pdf","Anaxture_3.pdf","110165","0.11"
"Election Insights\AMC Election 2020\Anaxture_4.pdf","Anaxture_4.pdf","114116","0.11"
"Election Insights\AMC Election 2020\Anaxture_5.pdf","Anaxture_5.pdf","27060","0.03"
"Election Insights\AMC Election 2020\Anaxture_6.pdf","Anaxture_6.pdf","26916","0.03"
"Election Insights\AMC Election 2020\Anaxture_71.pdf","Anaxture_71.pdf","70225","0.07"
"Election Insights\AMC Election 2020\Anaxture_9_Final.pdf","Anaxture_9_Final.pdf","1071012","1.02"
"Election Insights\AMC Election 2020\Annexure-2.pdf","Annexure-2.pdf","1956536","1.87"
"Election Insights\AMC Election 2020\Annexure-2A.pdf","Annexure-2A.pdf","2136033","2.04"
"Election Insights\AMC Election 2020\final_atch_wise_pdf.pdf","final_atch_wise_pdf.pdf","3889866","3.71"
"Election Insights\AMC Election 2020\Final_Gazzate-24-02-20.pdf","Final_Gazzate-24-02-20.pdf","1267673","1.21"
"Election Insights\AMC Election 2020\vyapti_2.pdf","vyapti_2.pdf","882466","0.84"
"Election Insights\AMC Election 2022\Adhisuchna_English_DT_20_07_2022.pdf","Adhisuchna_English_DT_20_07_2022.pdf","664843","0.63"
"Election Insights\AMC Election 2022\Adhisuchna_Marathi_DT_20_07_2022.pdf","Adhisuchna_Marathi_DT_20_07_2022.pdf","889238","0.85"
"Election Insights\AMC Election 2022\Annexure-2_English_PDF_Web1.pdf","Annexure-2_English_PDF_Web1.pdf","1805405","1.72"
"Election Insights\AMC Election 2022\Annexure-2_Marathi_PDF_Web1.pdf","Annexure-2_Marathi_PDF_Web1.pdf","1593305","1.52"
"Election Insights\AMC Election 2022\Aurangabad_Print_Sin_MAP_compressed.pdf","Aurangabad_Print_Sin_MAP_compressed.pdf","3988767","3.8"
"Election Insights\AMC Election 2022\JAHIR_SUCHNA.pdf","JAHIR_SUCHNA.pdf","188518","0.18"
"Election Insights\AMC Election 2022\MAP_DT_20_07_2022.pdf","MAP_DT_20_07_2022.pdf","223587","0.21"
"Election Insights\AMC Election 2022\SAHAPATRA-011.pdf","SAHAPATRA-011.pdf","723075","0.69"
"Election Insights\Draft Voter List 2020\DraftList_Ward_1.pdf","DraftList_Ward_1.pdf","2596228","2.48"
"Election Insights\Draft Voter List 2020\DraftList_Ward_10.pdf","DraftList_Ward_10.pdf","2250173","2.15"
"Election Insights\Draft Voter List 2020\DraftList_Ward_100.pdf","DraftList_Ward_100.pdf","1883503","1.8"
"Election Insights\Draft Voter List 2020\DraftList_Ward_101.pdf","DraftList_Ward_101.pdf","2502354","2.39"
"Election Insights\Draft Voter List 2020\DraftList_Ward_102.pdf","DraftList_Ward_102.pdf","2763261","2.64"
"Election Insights\Draft Voter List 2020\DraftList_Ward_103.pdf","DraftList_Ward_103.pdf","1323172","1.26"
"Election Insights\Draft Voter List 2020\DraftList_Ward_104.pdf","DraftList_Ward_104.pdf","2106725","2.01"
"Election Insights\Draft Voter List 2020\DraftList_Ward_105.pdf","DraftList_Ward_105.pdf","1672370","1.59"
"Election Insights\Draft Voter List 2020\DraftList_Ward_106.pdf","DraftList_Ward_106.pdf","1829074","1.74"
"Election Insights\Draft Voter List 2020\DraftList_Ward_107.pdf","DraftList_Ward_107.pdf","1602706","1.53"
"Election Insights\Draft Voter List 2020\DraftList_Ward_108.pdf","DraftList_Ward_108.pdf","2338909","2.23"
"Election Insights\Draft Voter List 2020\DraftList_Ward_109.pdf","DraftList_Ward_109.pdf","1846545","1.76"
"Election Insights\Draft Voter List 2020\DraftList_Ward_11.pdf","DraftList_Ward_11.pdf","2117983","2.02"
"Election Insights\Draft Voter List 2020\DraftList_Ward_110.pdf","DraftList_Ward_110.pdf","2324875","2.22"
"Election Insights\Draft Voter List 2020\DraftList_Ward_111.pdf","DraftList_Ward_111.pdf","2684036","2.56"
"Election Insights\Draft Voter List 2020\DraftList_Ward_112.pdf","DraftList_Ward_112.pdf","1649969","1.57"
"Election Insights\Draft Voter List 2020\DraftList_Ward_113.pdf","DraftList_Ward_113.pdf","2695489","2.57"
"Election Insights\Draft Voter List 2020\DraftList_Ward_114.pdf","DraftList_Ward_114.pdf","2194762","2.09"
"Election Insights\Draft Voter List 2020\DraftList_Ward_115.pdf","DraftList_Ward_115.pdf","2290637","2.18"
"Election Insights\Draft Voter List 2020\DraftList_Ward_12.pdf","DraftList_Ward_12.pdf","3111092","2.97"
"Election Insights\Draft Voter List 2020\DraftList_Ward_14.pdf","DraftList_Ward_14.pdf","2362369","2.25"
"Election Insights\Draft Voter List 2020\DraftList_Ward_15.pdf","DraftList_Ward_15.pdf","2048008","1.95"
"Election Insights\Draft Voter List 2020\DraftList_Ward_16.pdf","DraftList_Ward_16.pdf","2082691","1.99"
"Election Insights\Draft Voter List 2020\DraftList_Ward_17.pdf","DraftList_Ward_17.pdf","2543725","2.43"
"Election Insights\Draft Voter List 2020\DraftList_Ward_18.pdf","DraftList_Ward_18.pdf","1245293","1.19"
"Election Insights\Draft Voter List 2020\DraftList_Ward_19.pdf","DraftList_Ward_19.pdf","1548143","1.48"
"Election Insights\Draft Voter List 2020\DraftList_Ward_2.pdf","DraftList_Ward_2.pdf","2126678","2.03"
"Election Insights\Draft Voter List 2020\DraftList_Ward_20.pdf","DraftList_Ward_20.pdf","2345572","2.24"
"Election Insights\Draft Voter List 2020\DraftList_Ward_21.pdf","DraftList_Ward_21.pdf","2100154","2"
"Election Insights\Draft Voter List 2020\DraftList_Ward_22.pdf","DraftList_Ward_22.pdf","2347296","2.24"
"Election Insights\Draft Voter List 2020\DraftList_Ward_23.pdf","DraftList_Ward_23.pdf","2804152","2.67"
"Election Insights\Draft Voter List 2020\DraftList_Ward_24.pdf","DraftList_Ward_24.pdf","2305419","2.2"
"Election Insights\Draft Voter List 2020\DraftList_Ward_25.pdf","DraftList_Ward_25.pdf","2055848","1.96"
"Election Insights\Draft Voter List 2020\DraftList_Ward_26.pdf","DraftList_Ward_26.pdf","2568379","2.45"
"Election Insights\Draft Voter List 2020\DraftList_Ward_27.pdf","DraftList_Ward_27.pdf","2473176","2.36"
"Election Insights\Draft Voter List 2020\DraftList_Ward_29.pdf","DraftList_Ward_29.pdf","2534046","2.42"
"Election Insights\Draft Voter List 2020\DraftList_Ward_3.pdf","DraftList_Ward_3.pdf","2391555","2.28"
"Election Insights\Draft Voter List 2020\DraftList_Ward_30.pdf","DraftList_Ward_30.pdf","1945989","1.86"
"Election Insights\Draft Voter List 2020\DraftList_Ward_31.pdf","DraftList_Ward_31.pdf","2334508","2.23"
"Election Insights\Draft Voter List 2020\DraftList_Ward_32.pdf","DraftList_Ward_32.pdf","3950202","3.77"
"Election Insights\Draft Voter List 2020\DraftList_Ward_33.pdf","DraftList_Ward_33.pdf","2592524","2.47"
"Election Insights\Draft Voter List 2020\DraftList_Ward_34.pdf","DraftList_Ward_34.pdf","2414328","2.3"
"Election Insights\Draft Voter List 2020\DraftList_Ward_35.pdf","DraftList_Ward_35.pdf","2781339","2.65"
"Election Insights\Draft Voter List 2020\DraftList_Ward_36.pdf","DraftList_Ward_36.pdf","2664866","2.54"
"Election Insights\Draft Voter List 2020\DraftList_Ward_37.pdf","DraftList_Ward_37.pdf","2764673","2.64"
"Election Insights\Draft Voter List 2020\DraftList_Ward_38.pdf","DraftList_Ward_38.pdf","2266064","2.16"
"Election Insights\Draft Voter List 2020\DraftList_Ward_39.pdf","DraftList_Ward_39.pdf","2161131","2.06"
"Election Insights\Draft Voter List 2020\DraftList_Ward_4.pdf","DraftList_Ward_4.pdf","1065649","1.02"
"Election Insights\Draft Voter List 2020\DraftList_Ward_40.pdf","DraftList_Ward_40.pdf","2162652","2.06"
"Election Insights\Draft Voter List 2020\DraftList_Ward_41.pdf","DraftList_Ward_41.pdf","1991310","1.9"
"Election Insights\Draft Voter List 2020\DraftList_Ward_42.pdf","DraftList_Ward_42.pdf","2238619","2.13"
"Election Insights\Draft Voter List 2020\DraftList_Ward_43.pdf","DraftList_Ward_43.pdf","2289696","2.18"
"Election Insights\Draft Voter List 2020\DraftList_Ward_44.pdf","DraftList_Ward_44.pdf","2775193","2.65"
"Election Insights\Draft Voter List 2020\DraftList_Ward_45.pdf","DraftList_Ward_45.pdf","1953412","1.86"
"Election Insights\Draft Voter List 2020\DraftList_Ward_46.pdf","DraftList_Ward_46.pdf","2902094","2.77"
"Election Insights\Draft Voter List 2020\DraftList_Ward_47.pdf","DraftList_Ward_47.pdf","3267136","3.12"
"Election Insights\Draft Voter List 2020\DraftList_Ward_48.pdf","DraftList_Ward_48.pdf","2126921","2.03"
"Election Insights\Draft Voter List 2020\DraftList_Ward_49.pdf","DraftList_Ward_49.pdf","2939960","2.8"
"Election Insights\Draft Voter List 2020\DraftList_Ward_5.pdf","DraftList_Ward_5.pdf","2314183","2.21"
"Election Insights\Draft Voter List 2020\DraftList_Ward_50.pdf","DraftList_Ward_50.pdf","2070662","1.97"
"Election Insights\Draft Voter List 2020\DraftList_Ward_51.pdf","DraftList_Ward_51.pdf","1821099","1.74"
"Election Insights\Draft Voter List 2020\DraftList_Ward_52.pdf","DraftList_Ward_52.pdf","2355828","2.25"
"Election Insights\Draft Voter List 2020\DraftList_Ward_53.pdf","DraftList_Ward_53.pdf","1998927","1.91"
"Election Insights\Draft Voter List 2020\DraftList_Ward_54.pdf","DraftList_Ward_54.pdf","1930116","1.84"
"Election Insights\Draft Voter List 2020\DraftList_Ward_55.pdf","DraftList_Ward_55.pdf","2477015","2.36"
"Election Insights\Draft Voter List 2020\DraftList_Ward_56.pdf","DraftList_Ward_56.pdf","2582447","2.46"
"Election Insights\Draft Voter List 2020\DraftList_Ward_57.pdf","DraftList_Ward_57.pdf","3070502","2.93"
"Election Insights\Draft Voter List 2020\DraftList_Ward_58.pdf","DraftList_Ward_58.pdf","1669800","1.59"
"Election Insights\Draft Voter List 2020\DraftList_Ward_59.pdf","DraftList_Ward_59.pdf","2132616","2.03"
"Election Insights\Draft Voter List 2020\DraftList_Ward_6.pdf","DraftList_Ward_6.pdf","3093643","2.95"
"Election Insights\Draft Voter List 2020\DraftList_Ward_60.pdf","DraftList_Ward_60.pdf","3225159","3.08"
"Election Insights\Draft Voter List 2020\DraftList_Ward_61.pdf","DraftList_Ward_61.pdf","2417275","2.31"
"Election Insights\Draft Voter List 2020\DraftList_Ward_62.pdf","DraftList_Ward_62.pdf","2648978","2.53"
"Election Insights\Draft Voter List 2020\DraftList_Ward_63.pdf","DraftList_Ward_63.pdf","2266964","2.16"
"Election Insights\Draft Voter List 2020\DraftList_Ward_64.pdf","DraftList_Ward_64.pdf","2506330","2.39"
"Election Insights\Draft Voter List 2020\DraftList_Ward_65.pdf","DraftList_Ward_65.pdf","2069009","1.97"
"Election Insights\Draft Voter List 2020\DraftList_Ward_66.pdf","DraftList_Ward_66.pdf","2132059","2.03"
"Election Insights\Draft Voter List 2020\DraftList_Ward_67.pdf","DraftList_Ward_67.pdf","1566348","1.49"
"Election Insights\Draft Voter List 2020\DraftList_Ward_68.pdf","DraftList_Ward_68.pdf","2486417","2.37"
"Election Insights\Draft Voter List 2020\DraftList_Ward_69.pdf","DraftList_Ward_69.pdf","3000725","2.86"
"Election Insights\Draft Voter List 2020\DraftList_Ward_7.pdf","DraftList_Ward_7.pdf","2665527","2.54"
"Election Insights\Draft Voter List 2020\DraftList_Ward_70.pdf","DraftList_Ward_70.pdf","1927577","1.84"
"Election Insights\Draft Voter List 2020\DraftList_Ward_71.pdf","DraftList_Ward_71.pdf","2640682","2.52"
"Election Insights\Draft Voter List 2020\DraftList_Ward_72.pdf","DraftList_Ward_72.pdf","2856285","2.72"
"Election Insights\Draft Voter List 2020\DraftList_Ward_73.pdf","DraftList_Ward_73.pdf","2270468","2.17"
"Election Insights\Draft Voter List 2020\DraftList_Ward_74.pdf","DraftList_Ward_74.pdf","2313302","2.21"
"Election Insights\Draft Voter List 2020\DraftList_Ward_75.pdf","DraftList_Ward_75.pdf","1920370","1.83"
"Election Insights\Draft Voter List 2020\DraftList_Ward_76.pdf","DraftList_Ward_76.pdf","2689695","2.57"
"Election Insights\Draft Voter List 2020\DraftList_Ward_77.pdf","DraftList_Ward_77.pdf","2780671","2.65"
"Election Insights\Draft Voter List 2020\DraftList_Ward_78.pdf","DraftList_Ward_78.pdf","1811614","1.73"
"Election Insights\Draft Voter List 2020\DraftList_Ward_79.pdf","DraftList_Ward_79.pdf","1968735","1.88"
"Election Insights\Draft Voter List 2020\DraftList_Ward_8.pdf","DraftList_Ward_8.pdf","1564011","1.49"
"Election Insights\Draft Voter List 2020\DraftList_Ward_80.pdf","DraftList_Ward_80.pdf","2227283","2.12"
"Election Insights\Draft Voter List 2020\DraftList_Ward_81.pdf","DraftList_Ward_81.pdf","1746403","1.67"
"Election Insights\Draft Voter List 2020\DraftList_Ward_82.pdf","DraftList_Ward_82.pdf","2851475","2.72"
"Election Insights\Draft Voter List 2020\DraftList_Ward_83.pdf","DraftList_Ward_83.pdf","2321380","2.21"
"Election Insights\Draft Voter List 2020\DraftList_Ward_84.pdf","DraftList_Ward_84.pdf","1701227","1.62"
"Election Insights\Draft Voter List 2020\DraftList_Ward_85.pdf","DraftList_Ward_85.pdf","2139623","2.04"
"Election Insights\Draft Voter List 2020\DraftList_Ward_86.pdf","DraftList_Ward_86.pdf","1784641","1.7"
"Election Insights\Draft Voter List 2020\DraftList_Ward_87.pdf","DraftList_Ward_87.pdf","2038496","1.94"
"Election Insights\Draft Voter List 2020\DraftList_Ward_88.pdf","DraftList_Ward_88.pdf","2613735","2.49"
"Election Insights\Draft Voter List 2020\DraftList_Ward_89.pdf","DraftList_Ward_89.pdf","2082093","1.99"
"Election Insights\Draft Voter List 2020\DraftList_Ward_9.pdf","DraftList_Ward_9.pdf","958695","0.91"
"Election Insights\Draft Voter List 2020\DraftList_Ward_90.pdf","DraftList_Ward_90.pdf","3054983","2.91"
"Election Insights\Draft Voter List 2020\DraftList_Ward_91.pdf","DraftList_Ward_91.pdf","2990062","2.85"
"Election Insights\Draft Voter List 2020\DraftList_Ward_92.pdf","DraftList_Ward_92.pdf","2432559","2.32"
"Election Insights\Draft Voter List 2020\DraftList_Ward_93.pdf","DraftList_Ward_93.pdf","1290970","1.23"
"Election Insights\Draft Voter List 2020\DraftList_Ward_94.pdf","DraftList_Ward_94.pdf","2393719","2.28"
"Election Insights\Draft Voter List 2020\DraftList_Ward_95.pdf","DraftList_Ward_95.pdf","1315227","1.25"
"Election Insights\Draft Voter List 2020\DraftList_Ward_96.pdf","DraftList_Ward_96.pdf","1998516","1.91"
"Election Insights\Draft Voter List 2020\DraftList_Ward_97.pdf","DraftList_Ward_97.pdf","2302840","2.2"
"Election Insights\Draft Voter List 2020\DraftList_Ward_98.pdf","DraftList_Ward_98.pdf","2178355","2.08"
"Election Insights\Draft Voter List 2020\DraftList_Ward_99.pdf","DraftList_Ward_99.pdf","1614896","1.54"
"Election Insights\Election 2019\chinies_deligation1.pdf","chinies_deligation1.pdf","63764","0.06"
"Election Insights\Election 2019\Election_2014.pdf","Election_2014.pdf","15382","0.01"
"Election Insights\Election 2019\Election_dt_10_07_2015.pdf","Election_dt_10_07_2015.pdf","148966","0.14"
"List of Completed Works\List_of_Completed_Work_by_Zone_5_Drainage_Ghuge_Constraction.pdf","List_of_Completed_Work_by_Zone_5_Drainage_Ghuge_Constraction.pdf","4763392","4.54"
"List of Completed Works\List_of_Completed_Work_by_Zone_5_Drainage_Sai_Constraction.pdf","List_of_Completed_Work_by_Zone_5_Drainage_Sai_Constraction.pdf","11686727","11.15"
"List of Completed Works\List_of_Completed_Work_by_Zone_9_29_06_2017.pdf","List_of_Completed_Work_by_Zone_9_29_06_2017.pdf","2383925","2.27"
"List of Completed Works\List_of_Completed_Work_in_Zone_6_17_06_2017.pdf","List_of_Completed_Work_in_Zone_6_17_06_2017.pdf","1080487","1.03"
"List of Completed Works\List_of_Completed_Work_in_Zone_6_17_06_20171.pdf","List_of_Completed_Work_in_Zone_6_17_06_20171.pdf","1080487","1.03"
"List of Completed Works\List_of_Work_Done_Zone_6_20_06_2017.pdf","List_of_Work_Done_Zone_6_20_06_2017.pdf","114227","0.11"
"List of Completed Works\Ward_No__36_Naregaon.pdf","Ward_No__36_Naregaon.pdf","11140662","10.62"
"List of Completed Works\Zone_04_20_06_2017.pdf","Zone_04_20_06_2017.pdf","443963","0.42"
"List of Completed Works\Zone_06_Road_Works.pdf","Zone_06_Road_Works.pdf","11518175","10.98"
"List of Completed Works\Zone_6_Works.pdf","Zone_6_Works.pdf","1417660","1.35"
"List of Completed Works\Zone_9_Road_Works_16_05_2017.pdf","Zone_9_Road_Works_16_05_2017.pdf","8406643","8.02"
"List of Municipal Corporation Secretaries\Municipal_Corporation_Secretary_List_2026.pdf","Municipal_Corporation_Secretary_List_2026.pdf","591240","0.56"
"Municipal Document Repository\Administration and Establishment Department\Administration\Accountant.pdf","Accountant.pdf","66633","0.06"
"Municipal Document Repository\Administration and Establishment Department\Administration\Asst__Commissioner.pdf","Asst__Commissioner.pdf","149170","0.14"
"Municipal Document Repository\Administration and Establishment Department\Administration\Asst__Program_Officer.pdf","Asst__Program_Officer.pdf","64107","0.06"
"Municipal Document Repository\Administration and Establishment Department\Administration\Asst__Sports_Officer.pdf","Asst__Sports_Officer.pdf","59498","0.06"
"Municipal Document Repository\Administration and Establishment Department\Administration\Auditor.pdf","Auditor.pdf","56774","0.05"
"Municipal Document Repository\Administration and Establishment Department\Administration\Chief_Garden_Officer.pdf","Chief_Garden_Officer.pdf","65883","0.06"
"Municipal Document Repository\Administration and Establishment Department\Administration\Computer_Operator.pdf","Computer_Operator.pdf","64186","0.06"
"Municipal Document Repository\Administration and Establishment Department\Administration\Computer_Programmer.pdf","Computer_Programmer.pdf","66552","0.06"
"Municipal Document Repository\Administration and Establishment Department\Administration\Curetor.pdf","Curetor.pdf","59584","0.06"
"Municipal Document Repository\Administration and Establishment Department\Administration\Driver.pdf","Driver.pdf","264652","0.25"
"Municipal Document Repository\Administration and Establishment Department\Administration\Dy_Commissioner.pdf","Dy_Commissioner.pdf","80785","0.08"
"Municipal Document Repository\Administration and Establishment Department\Administration\Garden_Assistant.pdf","Garden_Assistant.pdf","65166","0.06"
"Municipal Document Repository\Administration and Establishment Department\Administration\Junior_Auditor.pdf","Junior_Auditor.pdf","71062","0.07"
"Municipal Document Repository\Administration and Establishment Department\Administration\Librarian.pdf","Librarian.pdf","61822","0.06"
"Municipal Document Repository\Administration and Establishment Department\Administration\Lipik_Tanklekhak.pdf","Lipik_Tanklekhak.pdf","5413930","5.16"
"Municipal Document Repository\Administration and Establishment Department\Administration\P_R_O.pdf","P_R_O.pdf","65943","0.06"
"Municipal Document Repository\Administration and Establishment Department\Administration\Sanitation_Inspector.pdf","Sanitation_Inspector.pdf","119372","0.11"
"Municipal Document Repository\Administration and Establishment Department\Administration\Sanitation_Officer.pdf","Sanitation_Officer.pdf","70348","0.07"
"Municipal Document Repository\Administration and Establishment Department\Administration\Stenographer.pdf","Stenographer.pdf","61368","0.06"
"Municipal Document Repository\Administration and Establishment Department\Administration\Suprintendent (1).pdf","Suprintendent (1).pdf","250029","0.24"
"Municipal Document Repository\Administration and Establishment Department\Administration\Suprintendent.pdf","Suprintendent.pdf","250029","0.24"
"Municipal Document Repository\Administration and Establishment Department\Administration\Telephone_Opretor.pdf","Telephone_Opretor.pdf","73743","0.07"
"Municipal Document Repository\Administration and Establishment Department\Administration\Vistar_Adhikari_(Education).pdf","Vistar_Adhikari_(Education).pdf","72103","0.07"
"Municipal Document Repository\Administration and Establishment Department\Fire\Dy_Fire_Officer.pdf","Dy_Fire_Officer.pdf","76210","0.07"
"Municipal Document Repository\Administration and Establishment Department\Fire\Fireman.pdf","Fireman.pdf","85583","0.08"
"Municipal Document Repository\Administration and Establishment Department\Fire\Leading_Fireman.pdf","Leading_Fireman.pdf","167669","0.16"
"Municipal Document Repository\Administration and Establishment Department\General Administration Documents\06_Santion_Roster_1.pdf","06_Santion_Roster_1.pdf","4753175","4.53"
"Municipal Document Repository\Administration and Establishment Department\General Administration Documents\06_Santion_Roster_2.pdf","06_Santion_Roster_2.pdf","3560174","3.4"
"Municipal Document Repository\Administration and Establishment Department\General Administration Documents\07_Anukampa_Orders_compressed_(1).pdf","07_Anukampa_Orders_compressed_(1).pdf","3007189","2.87"
"Municipal Document Repository\Administration and Establishment Department\General Administration Documents\4_Nomination_Promotion_Post_Details_1-1-2026.pdf","4_Nomination_Promotion_Post_Details_1-1-2026.pdf","124743","0.12"
"Municipal Document Repository\Administration and Establishment Department\General Administration Documents\Aakrutiband_15_02_2021.pdf","Aakrutiband_15_02_2021.pdf","895384","0.85"
"Municipal Document Repository\Administration and Establishment Department\General Administration Documents\Akrutibandh_Dt__23-7-2021.pdf","Akrutibandh_Dt__23-7-2021.pdf","133868","0.13"
"Municipal Document Repository\Administration and Establishment Department\General Administration Documents\Gazette_August_2026.pdf","Gazette_August_2026.pdf","126531","0.12"
"Municipal Document Repository\Administration and Establishment Department\General Administration Documents\Possessing_the_qualifications_for_a_Group_C_post_for_th.pdf","Possessing_the_qualifications_for_a_Group_C_post_for_th.pdf","315152","0.3"
"Municipal Document Repository\Administration and Establishment Department\General Administration Documents\Sevapravesh_Niyam_Dt_15-2-2023.pdf","Sevapravesh_Niyam_Dt_15-2-2023.pdf","320181","0.31"
"Municipal Document Repository\Administration and Establishment Department\General Administration Documents\Sevapravesh_Niyam_Dt__26_08_2021.pdf","Sevapravesh_Niyam_Dt__26_08_2021.pdf","1026467","0.98"
"Municipal Document Repository\Administration and Establishment Department\General Administration Documents\Waiting_list_for_appointment_to_Group-D_posts_on_compas.pdf","Waiting_list_for_appointment_to_Group-D_posts_on_compas.pdf","328961","0.31"
"Municipal Document Repository\Administration and Establishment Department\Health\Accountatnt_cum_Clerk.pdf","Accountatnt_cum_Clerk.pdf","64657","0.06"
"Municipal Document Repository\Administration and Establishment Department\Health\ANM.pdf","ANM.pdf","427212","0.41"
"Municipal Document Repository\Administration and Establishment Department\Health\Asst_Health_Officer.pdf","Asst_Health_Officer.pdf","62377","0.06"
"Municipal Document Repository\Administration and Establishment Department\Health\Asst__Metron.pdf","Asst__Metron.pdf","62136","0.06"
"Municipal Document Repository\Administration and Establishment Department\Health\Chief_Lab_Technician.pdf","Chief_Lab_Technician.pdf","64717","0.06"
"Municipal Document Repository\Administration and Establishment Department\Health\Chief_Pharmacy_Officer.pdf","Chief_Pharmacy_Officer.pdf","61863","0.06"
"Municipal Document Repository\Administration and Establishment Department\Health\Darkroom_Asst_.pdf","Darkroom_Asst_.pdf","63129","0.06"
"Municipal Document Repository\Administration and Establishment Department\Health\Food_Safety_Officer.pdf","Food_Safety_Officer.pdf","62677","0.06"
"Municipal Document Repository\Administration and Establishment Department\Health\Health_Officer.pdf","Health_Officer.pdf","124013","0.12"
"Municipal Document Repository\Administration and Establishment Department\Health\Health_Supervisor.pdf","Health_Supervisor.pdf","82454","0.08"
"Municipal Document Repository\Administration and Establishment Department\Health\Laboratory_Asst_.pdf","Laboratory_Asst_.pdf","65036","0.06"
"Municipal Document Repository\Administration and Establishment Department\Health\Lab_Technician.pdf","Lab_Technician.pdf","80416","0.08"
"Municipal Document Repository\Administration and Establishment Department\Health\MPW_SFW.pdf","MPW_SFW.pdf","92129","0.09"
"Municipal Document Repository\Administration and Establishment Department\Health\Pharmacy_Officer.pdf","Pharmacy_Officer.pdf","139301","0.13"
"Municipal Document Repository\Administration and Establishment Department\Health\Sister_Incharge.pdf","Sister_Incharge.pdf","133258","0.13"
"Municipal Document Repository\Administration and Establishment Department\Health\Staff_Nurse_(GNM).pdf","Staff_Nurse_(GNM).pdf","187134","0.18"
"Municipal Document Repository\Administration and Establishment Department\Health\Statistical_Officer1.pdf","Statistical_Officer1.pdf","64512","0.06"
"Municipal Document Repository\Administration and Establishment Department\Health\X-Ray_Technician.pdf","X-Ray_Technician.pdf","64779","0.06"
"Municipal Document Repository\Administration and Establishment Department\Technical\Assistant_Town_Planner.pdf","Assistant_Town_Planner.pdf","57830","0.06"
"Municipal Document Repository\Administration and Establishment Department\Technical\Asst_Coach.pdf","Asst_Coach.pdf","56329","0.05"
"Municipal Document Repository\Administration and Establishment Department\Technical\Asst_Engineer_(Civil).pdf","Asst_Engineer_(Civil).pdf","122856","0.12"
"Municipal Document Repository\Administration and Establishment Department\Technical\Asst_Engineer_(Electricity).pdf","Asst_Engineer_(Electricity).pdf","72075","0.07"
"Municipal Document Repository\Administration and Establishment Department\Technical\Civil_Engineering_Assistant.pdf","Civil_Engineering_Assistant.pdf","595660","0.57"
"Municipal Document Repository\Administration and Establishment Department\Technical\Dy__Engineer_(Civil).pdf","Dy__Engineer_(Civil).pdf","55856","0.05"
"Municipal Document Repository\Administration and Establishment Department\Technical\Dy__Engineer_(Electricity).pdf","Dy__Engineer_(Electricity).pdf","62036","0.06"
"Municipal Document Repository\Administration and Establishment Department\Technical\Dy__Engineer_(Mechanical).pdf","Dy__Engineer_(Mechanical).pdf","55920","0.05"
"Municipal Document Repository\Administration and Establishment Department\Technical\Electrical_Supervisor.pdf","Electrical_Supervisor.pdf","108839","0.1"
"Municipal Document Repository\Administration and Establishment Department\Technical\Executive_Engineer_(Civil).pdf","Executive_Engineer_(Civil).pdf","96025","0.09"
"Municipal Document Repository\Administration and Establishment Department\Technical\Executive_Engineer_(Mechanical).pdf","Executive_Engineer_(Mechanical).pdf","65287","0.06"
"Municipal Document Repository\Administration and Establishment Department\Technical\Jr_Engineer_(Electricity).pdf","Jr_Engineer_(Electricity).pdf","92721","0.09"
"Municipal Document Repository\Administration and Establishment Department\Technical\Jr__Engineer_(Civil).pdf","Jr__Engineer_(Civil).pdf","328721","0.31"
"Municipal Document Repository\Administration and Establishment Department\Technical\Jr__Engineer_(Mechanical).pdf","Jr__Engineer_(Mechanical).pdf","108767","0.1"
"Municipal Document Repository\Administration and Establishment Department\Technical\Mechanic.pdf","Mechanic.pdf","73704","0.07"
"Municipal Document Repository\Administration and Establishment Department\Technical\Plant_Operator.pdf","Plant_Operator.pdf","69653","0.07"
"Municipal Document Repository\Administration and Establishment Department\Technical\Plumber-Fitter.pdf","Plumber-Fitter.pdf","107403","0.1"
"Municipal Document Repository\Administration and Establishment Department\Technical\Tracer.pdf","Tracer.pdf","113735","0.11"
"Municipal Document Repository\Administration and Establishment Department\Zoo\Animal_Husbandry_Devp_Officer.pdf","Animal_Husbandry_Devp_Officer.pdf","58761","0.06"
"Municipal Document Repository\Administration and Establishment Department\Zoo\Asst_Animal_Husbandry_Devp_Officer.pdf","Asst_Animal_Husbandry_Devp_Officer.pdf","72368","0.07"
"Municipal Document Repository\Administration and Establishment Department\Zoo\Livestock_Supervisor.pdf","Livestock_Supervisor.pdf","75073","0.07"
"Municipal Document Repository\Audit\Annual Audit Report of  2024-2025.pdf","Annual Audit Report of  2024-2025.pdf","14871634","14.18"
"Municipal Document Repository\Audit\Annual_Audit_Report_of_2004-2005.pdf","Annual_Audit_Report_of_2004-2005.pdf","327268","0.31"
"Municipal Document Repository\Audit\Annual_Audit_Report_of_2005-2006.pdf","Annual_Audit_Report_of_2005-2006.pdf","1179504","1.12"
"Municipal Document Repository\Audit\Annual_Audit_Report_of_2006-2007-2007-2008.pdf","Annual_Audit_Report_of_2006-2007-2007-2008.pdf","1512779","1.44"
"Municipal Document Repository\Audit\Annual_Audit_Report_of_2008-2009.pdf","Annual_Audit_Report_of_2008-2009.pdf","1318088","1.26"
"Municipal Document Repository\Audit\annual_audit_report_of_2009-10_2010-11.pdf","annual_audit_report_of_2009-10_2010-11.pdf","1285674","1.23"
"Municipal Document Repository\Audit\Annual_Audit_Report_of_2012-13_13-14-1.pdf","Annual_Audit_Report_of_2012-13_13-14-1.pdf","2982889","2.84"
"Municipal Document Repository\Audit\Annual_Audit_Report_of_2012-13_2013-2014.pdf","Annual_Audit_Report_of_2012-13_2013-2014.pdf","3169056","3.02"
"Municipal Document Repository\Audit\Annual_Audit_Report_of_2014-2015_2015-2016.pdf","Annual_Audit_Report_of_2014-2015_2015-2016.pdf","3263778","3.11"
"Municipal Document Repository\Audit\Annual_Audit_Report_of_2016-2017_2017-18.pdf","Annual_Audit_Report_of_2016-2017_2017-18.pdf","1967568","1.88"
"Municipal Document Repository\Audit\Annual_Audit_Report_of_2016-2017_2017-18_Statement.pdf","Annual_Audit_Report_of_2016-2017_2017-18_Statement.pdf","291365","0.28"
"Municipal Document Repository\Audit\annual_audit_report_of_2018-2019.pdf","annual_audit_report_of_2018-2019.pdf","1436575","1.37"
"Municipal Document Repository\Audit\annual_audit_report_of_2020-2021.pdf","annual_audit_report_of_2020-2021.pdf","617198","0.59"
"Municipal Document Repository\Audit\annual_audit_report_of_2021-2022.pdf","annual_audit_report_of_2021-2022.pdf","1894191","1.81"
"Municipal Document Repository\Audit\Annual_Audit_Report_of_2022-2023.pdf","Annual_Audit_Report_of_2022-2023.pdf","4241068","4.04"
"Municipal Document Repository\Audit\Annual_Audit_Report_of_2023-2024_new.pdf","Annual_Audit_Report_of_2023-2024_new.pdf","2780870","2.65"
"Municipal Document Repository\Audit\Copy_of_annual_audit_report_of_2018-2019.pdf","Copy_of_annual_audit_report_of_2018-2019.pdf","1436575","1.37"
"Municipal Document Repository\City Engineer\10_Executive_Engineer_(BOT).pdf","10_Executive_Engineer_(BOT).pdf","1560169","1.49"
"Municipal Document Repository\City Engineer\City_Engineer_Department.pdf","City_Engineer_Department.pdf","2398198","2.29"
"Municipal Document Repository\City Engineer\Executive_Engineer_(Electricity).pdf","Executive_Engineer_(Electricity).pdf","2854067","2.72"
"Municipal Document Repository\City Engineer\Executive_Engineer_(Roads).pdf","Executive_Engineer_(Roads).pdf","1158370","1.1"
"Municipal Document Repository\City Engineer\Executive_Engineer_(_Drainage).pdf","Executive_Engineer_(_Drainage).pdf","1240508","1.18"
"Municipal Document Repository\Drainage\16_th_SLSC_minutes_uidssmt.pdf","16_th_SLSC_minutes_uidssmt.pdf","8271039","7.89"
"Municipal Document Repository\Drainage\4516_161_MLD_STP_9th.pdf","4516_161_MLD_STP_9th.pdf","4211316","4.02"
"Municipal Document Repository\Drainage\4518_Zalta_STP_9th.pdf","4518_Zalta_STP_9th.pdf","5224161","4.98"
"Municipal Document Repository\Drainage\4548_F_Sewer_9th.pdf","4548_F_Sewer_9th.pdf","2459605","2.35"
"Municipal Document Repository\Drainage\4550_10_MLD_STP_Padegaon_9th_1.pdf","4550_10_MLD_STP_Padegaon_9th_1.pdf","3343523","3.19"
"Municipal Document Repository\Drainage\4551_35_MLD_SPS_Zalta_9th1.pdf","4551_35_MLD_SPS_Zalta_9th1.pdf","2988188","2.85"
"Municipal Document Repository\Drainage\4552_L_Sewer_9th_1.pdf","4552_L_Sewer_9th_1.pdf","2586599","2.47"
"Municipal Document Repository\Drainage\4556_D_sewer_9th.pdf","4556_D_sewer_9th.pdf","3281302","3.13"
"Municipal Document Repository\Drainage\4561_Ward_No_98_9th.pdf","4561_Ward_No_98_9th.pdf","9953367","9.49"
"Municipal Document Repository\Drainage\4562_E_Sewer_9th_1.pdf","4562_E_Sewer_9th_1.pdf","11603440","11.07"
"Municipal Document Repository\Drainage\4562_E_sewer_9th_2.pdf","4562_E_sewer_9th_2.pdf","10438036","9.95"
"Municipal Document Repository\Drainage\4569_C_Sewer_9th.pdf","4569_C_Sewer_9th.pdf","6507355","6.21"
"Municipal Document Repository\Drainage\4574_Supply_MB_9th_.pdf","4574_Supply_MB_9th_.pdf","11490568","10.96"
"Municipal Document Repository\Drainage\4577_M_Branch_9th_1.pdf","4577_M_Branch_9th_1.pdf","9303526","8.87"
"Municipal Document Repository\Drainage\4577_M_Branch_9th_2.pdf","4577_M_Branch_9th_2.pdf","10358541","9.88"
"Municipal Document Repository\Drainage\4578_C_Main_Sewer_9th_1.pdf","4578_C_Main_Sewer_9th_1.pdf","9519207","9.08"
"Municipal Document Repository\Drainage\4578_C_Main_Sewer_9th_2.pdf","4578_C_Main_Sewer_9th_2.pdf","11090896","10.58"
"Municipal Document Repository\Drainage\4579_DWC_9th_1.pdf","4579_DWC_9th_1.pdf","8789446","8.38"
"Municipal Document Repository\Drainage\4579_DWC_9th_2.pdf","4579_DWC_9th_2.pdf","9670025","9.22"
"Municipal Document Repository\Drainage\4583_M_Sewer_9th_.pdf","4583_M_Sewer_9th_.pdf","6422206","6.12"
"Municipal Document Repository\Drainage\4584_K_Sewer_9th_1.pdf","4584_K_Sewer_9th_1.pdf","8169020","7.79"
"Municipal Document Repository\Drainage\4584_K_Sewer_9th_2.pdf","4584_K_Sewer_9th_2.pdf","8219174","7.84"
"Municipal Document Repository\Drainage\4584_K_Sewer_9th_3.pdf","4584_K_Sewer_9th_3.pdf","8459036","8.07"
"Municipal Document Repository\Drainage\4586_Branch_SWR_Padampura_9th_1.pdf","4586_Branch_SWR_Padampura_9th_1.pdf","7822091","7.46"
"Municipal Document Repository\Drainage\4586_Branch_SWR_Padampura_9th_2.pdf","4586_Branch_SWR_Padampura_9th_2.pdf","8448031","8.06"
"Municipal Document Repository\Drainage\4587_A_Sewer_9th.pdf","4587_A_Sewer_9th.pdf","6394431","6.1"
"Municipal Document Repository\Drainage\4589_Kille_Ark_9th_1.pdf","4589_Kille_Ark_9th_1.pdf","6619148","6.31"
"Municipal Document Repository\Drainage\4589_Kille_Ark_9th_2.pdf","4589_Kille_Ark_9th_2.pdf","8719183","8.32"
"Municipal Document Repository\Drainage\4589_Kille_Ark_9th_3.pdf","4589_Kille_Ark_9th_3.pdf","12663370","12.08"
"Municipal Document Repository\Drainage\4589_Kille_Ark_9th_4.pdf","4589_Kille_Ark_9th_4.pdf","10823944","10.32"
"Municipal Document Repository\Drainage\4589_Kille_Ark_9th_5.pdf","4589_Kille_Ark_9th_5.pdf","9099090","8.68"
"Municipal Document Repository\Drainage\4592_Supply_MB_9th.pdf","4592_Supply_MB_9th.pdf","1533464","1.46"
"Municipal Document Repository\Drainage\4593_C_Branch_9th_1.pdf","4593_C_Branch_9th_1.pdf","8963425","8.55"
"Municipal Document Repository\Drainage\4593_C_Branch_9th_2.pdf","4593_C_Branch_9th_2.pdf","8574156","8.18"
"Municipal Document Repository\Drainage\4593_C_Branch_9th_3.pdf","4593_C_Branch_9th_3.pdf","9113862","8.69"
"Municipal Document Repository\Drainage\4593_C_Branch_9th_4.pdf","4593_C_Branch_9th_4.pdf","9352173","8.92"
"Municipal Document Repository\Drainage\4593_C_Branch_9th_5.pdf","4593_C_Branch_9th_5.pdf","7125961","6.8"
"Municipal Document Repository\Drainage\4594_SPS_PAdegaon_9th.pdf","4594_SPS_PAdegaon_9th.pdf","2449244","2.34"
"Municipal Document Repository\Drainage\4595_SPS_Ward_No_98_9th_.pdf","4595_SPS_Ward_No_98_9th_.pdf","2319563","2.21"
"Municipal Document Repository\Drainage\4596_SPS_Golwadi_9th.pdf","4596_SPS_Golwadi_9th.pdf","1999198","1.91"
"Municipal Document Repository\Drainage\4597_DWC_9th_1.pdf","4597_DWC_9th_1.pdf","8986660","8.57"
"Municipal Document Repository\Drainage\4597_DWC_9th_2.pdf","4597_DWC_9th_2.pdf","8210410","7.83"
"Municipal Document Repository\Drainage\4597_DWC_9th_3.pdf","4597_DWC_9th_3.pdf","8439010","8.05"
"Municipal Document Repository\Drainage\4597_DWC_9th_4.pdf","4597_DWC_9th_4.pdf","8212827","7.83"
"Municipal Document Repository\Drainage\4597_DWC_9th_5.pdf","4597_DWC_9th_5.pdf","7202564","6.87"
"Municipal Document Repository\Drainage\4598_B_Sewer_Main_9th_1.pdf","4598_B_Sewer_Main_9th_1.pdf","9481218","9.04"
"Municipal Document Repository\Drainage\4598_B_Sewer_MAin_9th_2.pdf","4598_B_Sewer_MAin_9th_2.pdf","8789178","8.38"
"Municipal Document Repository\Drainage\4598_B_Sewer_Nain_9th_3.pdf","4598_B_Sewer_Nain_9th_3.pdf","10825403","10.32"
"Municipal Document Repository\Drainage\4599_Pipe_Laying_9th_1.pdf","4599_Pipe_Laying_9th_1.pdf","8911560","8.5"
"Municipal Document Repository\Drainage\4599_Pipe_Laying_9th_2.pdf","4599_Pipe_Laying_9th_2.pdf","8798275","8.39"
"Municipal Document Repository\Drainage\4599_Pipe_Laying_9th_4.pdf","4599_Pipe_Laying_9th_4.pdf","8873956","8.46"
"Municipal Document Repository\Drainage\4599_Pipe_Laying_9th_5.pdf","4599_Pipe_Laying_9th_5.pdf","7423280","7.08"
"Municipal Document Repository\Drainage\4600_Branch___Jyotinagar_9th_2.pdf","4600_Branch___Jyotinagar_9th_2.pdf","9664270","9.22"
"Municipal Document Repository\Drainage\4600__Branch___Jyotinagar_9th_1.pdf","4600__Branch___Jyotinagar_9th_1.pdf","7681868","7.33"
"Municipal Document Repository\Drainage\4601_Pipe_Laying_9th_1.pdf","4601_Pipe_Laying_9th_1.pdf","9148623","8.72"
"Municipal Document Repository\Drainage\4601_Pipe_Laying_9th_2.pdf","4601_Pipe_Laying_9th_2.pdf","8995533","8.58"
"Municipal Document Repository\Drainage\4601_Pipe_Laying_9th_3.pdf","4601_Pipe_Laying_9th_3.pdf","8717868","8.31"
"Municipal Document Repository\Drainage\4601_Pipe_Laying_9th_4.pdf","4601_Pipe_Laying_9th_4.pdf","9327838","8.9"
"Municipal Document Repository\Drainage\4601_Pipe_Laying_9th_51.pdf","4601_Pipe_Laying_9th_51.pdf","7577570","7.23"
"Municipal Document Repository\Drainage\4602_SW_Pipe_9th_1.pdf","4602_SW_Pipe_9th_1.pdf","8921078","8.51"
"Municipal Document Repository\Drainage\4602_SW_Pipe_9th_2.pdf","4602_SW_Pipe_9th_2.pdf","8270338","7.89"
"Municipal Document Repository\Drainage\4602_SW_Pipe_9th_3.pdf","4602_SW_Pipe_9th_3.pdf","8517612","8.12"
"Municipal Document Repository\Drainage\4602_SW_Pipe_9th_4.pdf","4602_SW_Pipe_9th_4.pdf","8452815","8.06"
"Municipal Document Repository\Drainage\4602_SW_Pipe_9th_5.pdf","4602_SW_Pipe_9th_5.pdf","8181896","7.8"
"Municipal Document Repository\Drainage\4603_Kakanwadi_9th_.pdf","4603_Kakanwadi_9th_.pdf","2970982","2.83"
"Municipal Document Repository\Drainage\4604_M_Branch_9th_1.pdf","4604_M_Branch_9th_1.pdf","8145331","7.77"
"Municipal Document Repository\Drainage\4604_M_Branch_9th_2.pdf","4604_M_Branch_9th_2.pdf","8222005","7.84"
"Municipal Document Repository\Drainage\4604_M_Branch_9th_3.pdf","4604_M_Branch_9th_3.pdf","8736005","8.33"
"Municipal Document Repository\Drainage\4604_M_Branch_9th_4.pdf","4604_M_Branch_9th_4.pdf","9033146","8.61"
"Municipal Document Repository\Drainage\4604_M_Branch_9th_5.pdf","4604_M_Branch_9th_5.pdf","7367580","7.03"
"Municipal Document Repository\Drainage\4605_Dnyaynagar_9th_22.pdf","4605_Dnyaynagar_9th_22.pdf","9358660","8.93"
"Municipal Document Repository\Drainage\4605__Dnyaynagar_9th_1.pdf","4605__Dnyaynagar_9th_1.pdf","6231628","5.94"
"Municipal Document Repository\Drainage\4606_D_Sewer_9th_1.pdf","4606_D_Sewer_9th_1.pdf","9050020","8.63"
"Municipal Document Repository\Drainage\4606_D_Sewer_9th_2.pdf","4606_D_Sewer_9th_2.pdf","7926172","7.56"
"Municipal Document Repository\Drainage\4606_D_Sewer_9th_3.pdf","4606_D_Sewer_9th_3.pdf","6732140","6.42"
"Municipal Document Repository\Drainage\4607_Sanjay_Nagar_9th_1.pdf","4607_Sanjay_Nagar_9th_1.pdf","7832449","7.47"
"Municipal Document Repository\Drainage\4607_Sanjay_Nagar_9th_2.pdf","4607_Sanjay_Nagar_9th_2.pdf","7830974","7.47"
"Municipal Document Repository\Drainage\4607_Sanjay_Nagar_9th_3.pdf","4607_Sanjay_Nagar_9th_3.pdf","7490319","7.14"
"Municipal Document Repository\Drainage\4607_Sanjay_Nagar_9th_4.pdf","4607_Sanjay_Nagar_9th_4.pdf","8164302","7.79"
"Municipal Document Repository\Drainage\4607_Sanjay_Nagar_9th_5.pdf","4607_Sanjay_Nagar_9th_5.pdf","8114208","7.74"
"Municipal Document Repository\Drainage\4608_DWC_9th_1.pdf","4608_DWC_9th_1.pdf","12157551","11.59"
"Municipal Document Repository\Drainage\4608_DWC_9th_2.pdf","4608_DWC_9th_2.pdf","12529512","11.95"
"Municipal Document Repository\Drainage\4608_DWC_9th_3.pdf","4608_DWC_9th_3.pdf","12700089","12.11"
"Municipal Document Repository\Drainage\4608_DWC_9th_4.pdf","4608_DWC_9th_4.pdf","11503770","10.97"
"Municipal Document Repository\Drainage\4608_DWC_9th_5.pdf","4608_DWC_9th_5.pdf","11492155","10.96"
"Municipal Document Repository\Drainage\4608_DWC_9th_6.pdf","4608_DWC_9th_6.pdf","8773768","8.37"
"Municipal Document Repository\Drainage\4609_K_Sewer_9th_1.pdf","4609_K_Sewer_9th_1.pdf","8557358","8.16"
"Municipal Document Repository\Drainage\4609_K_Sewer_9th_2.pdf","4609_K_Sewer_9th_2.pdf","8559849","8.16"
"Municipal Document Repository\Drainage\4609_K_Sewer_9th_3.pdf","4609_K_Sewer_9th_3.pdf","12484981","11.91"
"Municipal Document Repository\Drainage\4609_K_Sewer_9th_4.pdf","4609_K_Sewer_9th_4.pdf","6938562","6.62"
"Municipal Document Repository\Drainage\4609_K_Sewer_9th_6.pdf","4609_K_Sewer_9th_6.pdf","9023838","8.61"
"Municipal Document Repository\Drainage\4610_Pipe_LAying_9th_1.pdf","4610_Pipe_LAying_9th_1.pdf","9054633","8.64"
"Municipal Document Repository\Drainage\4610_Pipe_Laying_9th_2.pdf","4610_Pipe_Laying_9th_2.pdf","8912823","8.5"
"Municipal Document Repository\Drainage\4610_Pipe_Laying_9th_3.pdf","4610_Pipe_Laying_9th_3.pdf","8754371","8.35"
"Municipal Document Repository\Drainage\4610_Pipe_Laying_9th_4.pdf","4610_Pipe_Laying_9th_4.pdf","9054525","8.64"
"Municipal Document Repository\Drainage\4610_Pipe_Laying_9th_5.pdf","4610_Pipe_Laying_9th_5.pdf","7224435","6.89"
"Municipal Document Repository\Drainage\4617_Master_MB_-1_to_37.pdf","4617_Master_MB_-1_to_37.pdf","8563586","8.17"
"Municipal Document Repository\Drainage\At_Salim_Ali_STP_-4593_197_-199.pdf","At_Salim_Ali_STP_-4593_197_-199.pdf","1366213","1.3"
"Municipal Document Repository\Drainage\central_and_state_govt_funding_letter_uidssmt.pdf","central_and_state_govt_funding_letter_uidssmt.pdf","1025836","0.98"
"Municipal Document Repository\Drainage\central_goverment_scheme_sanction_letter.pdf","central_goverment_scheme_sanction_letter.pdf","1850751","1.77"
"Municipal Document Repository\Drainage\Drawings_-013-018.pdf","Drawings_-013-018.pdf","4269019","4.07"
"Municipal Document Repository\Drainage\Drawings_-_007-009.pdf","Drawings_-_007-009.pdf","13541439","12.91"
"Municipal Document Repository\Drainage\Drawings_-_010-012.pdf","Drawings_-_010-012.pdf","10207177","9.73"
"Municipal Document Repository\Drainage\Drawings_001-006.pdf","Drawings_001-006.pdf","5059515","4.83"
"Municipal Document Repository\Drainage\iit_mumbai_third_party_report.pdf","iit_mumbai_third_party_report.pdf","10301173","9.82"
"Municipal Document Repository\Drainage\Kanchanwadi_STP_MB_10_RA_(4516).pdf","Kanchanwadi_STP_MB_10_RA_(4516).pdf","4470400","4.26"
"Municipal Document Repository\Drainage\khilari_agreement.pdf","khilari_agreement.pdf","2624953","2.5"
"Municipal Document Repository\Drainage\master_mb_-4591_120_-199_1.pdf","master_mb_-4591_120_-199_1.pdf","4556965","4.35"
"Municipal Document Repository\Drainage\master_mb_-4591_120_-199_2.pdf","master_mb_-4591_120_-199_2.pdf","4452556","4.25"
"Municipal Document Repository\Drainage\master_mb_-4591_120_-199_3.pdf","master_mb_-4591_120_-199_3.pdf","4594745","4.38"
"Municipal Document Repository\Drainage\master_mb_-4591_120_-199_4.pdf","master_mb_-4591_120_-199_4.pdf","4750384","4.53"
"Municipal Document Repository\Drainage\Master_MB_10_RA_(4591).pdf","Master_MB_10_RA_(4591).pdf","543855","0.52"
"Municipal Document Repository\Drainage\MJP_SANCTION_FINAL.pdf","MJP_SANCTION_FINAL.pdf","1221403","1.16"
"Municipal Document Repository\Drainage\Padegaon_STP_MB_10_RA_(4550).pdf","Padegaon_STP_MB_10_RA_(4550).pdf","1898568","1.81"
"Municipal Document Repository\Drainage\Photoes_1st_RA.pdf","Photoes_1st_RA.pdf","5140887","4.9"
"Municipal Document Repository\Drainage\Photoes_2nd_RA.pdf","Photoes_2nd_RA.pdf","9764079","9.31"
"Municipal Document Repository\Drainage\Photoes_3st_RA_Page_001-060.pdf","Photoes_3st_RA_Page_001-060.pdf","9641250","9.19"
"Municipal Document Repository\Drainage\Photoes_3st_RA_Page_061-153.pdf","Photoes_3st_RA_Page_061-153.pdf","10974902","10.47"
"Municipal Document Repository\Drainage\Photoes_4th_RA_Page_001-150.pdf","Photoes_4th_RA_Page_001-150.pdf","11819573","11.27"
"Municipal Document Repository\Drainage\Photoes_4th_RA_Page_151-245.pdf","Photoes_4th_RA_Page_151-245.pdf","6576302","6.27"
"Municipal Document Repository\Drainage\Photoes_5th_RA_Page_001-100.pdf","Photoes_5th_RA_Page_001-100.pdf","9537625","9.1"
"Municipal Document Repository\Drainage\Photoes_5th_RA_Page_101-200.pdf","Photoes_5th_RA_Page_101-200.pdf","5833721","5.56"
"Municipal Document Repository\Drainage\Photoes_5th_RA_Page_201-337.pdf","Photoes_5th_RA_Page_201-337.pdf","13399987","12.78"
"Municipal Document Repository\Drainage\Photoes_6th_RA_Page_001-100.pdf","Photoes_6th_RA_Page_001-100.pdf","10600184","10.11"
"Municipal Document Repository\Drainage\Photoes_6th_RA_Page_101-200.pdf","Photoes_6th_RA_Page_101-200.pdf","3383258","3.23"
"Municipal Document Repository\Drainage\Photoes_6th_RA_Page_201-277.pdf","Photoes_6th_RA_Page_201-277.pdf","12149926","11.59"
"Municipal Document Repository\Drainage\Pipe_Supply_MB_-4592_005_-024.pdf","Pipe_Supply_MB_-4592_005_-024.pdf","4319761","4.12"
"Municipal Document Repository\Drainage\road_-4616_001_-069_1.pdf","road_-4616_001_-069_1.pdf","5816201","5.55"
"Municipal Document Repository\Drainage\road_-4616_001_-069_2.pdf","road_-4616_001_-069_2.pdf","5720118","5.46"
"Municipal Document Repository\Drainage\road_-4616_001_-069_3.pdf","road_-4616_001_-069_3.pdf","4581131","4.37"
"Municipal Document Repository\Drainage\road_-4616_070_-186_1.pdf","road_-4616_070_-186_1.pdf","3628259","3.46"
"Municipal Document Repository\Drainage\road_-4616_070_-186_2.pdf","road_-4616_070_-186_2.pdf","3890774","3.71"
"Municipal Document Repository\Drainage\road_-4616_070_-186_3.pdf","road_-4616_070_-186_3.pdf","3962399","3.78"
"Municipal Document Repository\Drainage\road_-4616_070_-186_4.pdf","road_-4616_070_-186_4.pdf","4531805","4.32"
"Municipal Document Repository\Drainage\road_-4616_070_-186_5.pdf","road_-4616_070_-186_5.pdf","4138739","3.95"
"Municipal Document Repository\Drainage\road_-4616_070_-186_7.pdf","road_-4616_070_-186_7.pdf","5412999","5.16"
"Municipal Document Repository\Drainage\sewer_a_-4587_060_-157_1.pdf","sewer_a_-4587_060_-157_1.pdf","6442367","6.14"
"Municipal Document Repository\Drainage\sewer_a_-4587_060_-157_11.pdf","sewer_a_-4587_060_-157_11.pdf","6442367","6.14"
"Municipal Document Repository\Drainage\sewer_a_-4587_060_-157_2.pdf","sewer_a_-4587_060_-157_2.pdf","6326337","6.03"
"Municipal Document Repository\Drainage\sewer_a_-4587_060_-157_21.pdf","sewer_a_-4587_060_-157_21.pdf","6326337","6.03"
"Municipal Document Repository\Drainage\sewer_a_-4587_060_-157_3.pdf","sewer_a_-4587_060_-157_3.pdf","6883643","6.56"
"Municipal Document Repository\Drainage\sewer_a_-4587_060_-157_4.pdf","sewer_a_-4587_060_-157_4.pdf","5912023","5.64"
"Municipal Document Repository\Drainage\sewer_b_-4598_133_-186_1.pdf","sewer_b_-4598_133_-186_1.pdf","6505721","6.2"
"Municipal Document Repository\Drainage\sewer_b_-4598_133_-186_2.pdf","sewer_b_-4598_133_-186_2.pdf","4885455","4.66"
"Municipal Document Repository\Drainage\sewer_b_-4598_133_-186_3.pdf","sewer_b_-4598_133_-186_3.pdf","4605467","4.39"
"Municipal Document Repository\Drainage\sewer_c_-4578_130_-199_4611_001_-157_1.pdf","sewer_c_-4578_130_-199_4611_001_-157_1.pdf","4241809","4.05"
"Municipal Document Repository\Drainage\sewer_c_-4578_130_-199_4611_001_-157_10.pdf","sewer_c_-4578_130_-199_4611_001_-157_10.pdf","4482814","4.28"
"Municipal Document Repository\Drainage\sewer_c_-4578_130_-199_4611_001_-157_11.pdf","sewer_c_-4578_130_-199_4611_001_-157_11.pdf","4515550","4.31"
"Municipal Document Repository\Drainage\sewer_c_-4578_130_-199_4611_001_-157_12.pdf","sewer_c_-4578_130_-199_4611_001_-157_12.pdf","4942089","4.71"
"Municipal Document Repository\Drainage\sewer_c_-4578_130_-199_4611_001_-157_13.pdf","sewer_c_-4578_130_-199_4611_001_-157_13.pdf","9051747","8.63"
"Municipal Document Repository\Drainage\sewer_c_-4578_130_-199_4611_001_-157_2.pdf","sewer_c_-4578_130_-199_4611_001_-157_2.pdf","4659621","4.44"
"Municipal Document Repository\Drainage\sewer_c_-4578_130_-199_4611_001_-157_3 (1).pdf","sewer_c_-4578_130_-199_4611_001_-157_3 (1).pdf","4716645","4.5"
"Municipal Document Repository\Drainage\sewer_c_-4578_130_-199_4611_001_-157_3.pdf","sewer_c_-4578_130_-199_4611_001_-157_3.pdf","4716645","4.5"
"Municipal Document Repository\Drainage\sewer_c_-4578_130_-199_4611_001_-157_4.pdf","sewer_c_-4578_130_-199_4611_001_-157_4.pdf","4507685","4.3"
"Municipal Document Repository\Drainage\sewer_c_-4578_130_-199_4611_001_-157_5.pdf","sewer_c_-4578_130_-199_4611_001_-157_5.pdf","4255092","4.06"
"Municipal Document Repository\Drainage\sewer_c_-4578_130_-199_4611_001_-157_6.pdf","sewer_c_-4578_130_-199_4611_001_-157_6.pdf","4445192","4.24"
"Municipal Document Repository\Drainage\sewer_c_-4578_130_-199_4611_001_-157_7.pdf","sewer_c_-4578_130_-199_4611_001_-157_7.pdf","4432277","4.23"
"Municipal Document Repository\Drainage\sewer_c_-4578_130_-199_4611_001_-157_8.pdf","sewer_c_-4578_130_-199_4611_001_-157_8.pdf","3948668","3.77"
"Municipal Document Repository\Drainage\sewer_c_-4578_130_-199_4611_001_-157_9.pdf","sewer_c_-4578_130_-199_4611_001_-157_9.pdf","4330508","4.13"
"Municipal Document Repository\Drainage\sewer_c_-4589_154_-199_1.pdf","sewer_c_-4589_154_-199_1.pdf","5848938","5.58"
"Municipal Document Repository\Drainage\sewer_c_-4589_154_-199_2.pdf","sewer_c_-4589_154_-199_2.pdf","5835783","5.57"
"Municipal Document Repository\Drainage\Sewer_D_-4556_172_-198.pdf","Sewer_D_-4556_172_-198.pdf","5944901","5.67"
"Municipal Document Repository\Drainage\sewer_d_-4606_109_-199_4590_067_-199_4612_001_-021_1.pdf","sewer_d_-4606_109_-199_4590_067_-199_4612_001_-021_1.pdf","11362550","10.84"
"Municipal Document Repository\Drainage\sewer_d_-4606_109_-199_4590_067_-199_4612_001_-021_10.pdf","sewer_d_-4606_109_-199_4590_067_-199_4612_001_-021_10.pdf","10575197","10.09"
"Municipal Document Repository\Drainage\sewer_d_-4606_109_-199_4590_067_-199_4612_001_-021_11.pdf","sewer_d_-4606_109_-199_4590_067_-199_4612_001_-021_11.pdf","10006337","9.54"
"Municipal Document Repository\Drainage\sewer_d_-4606_109_-199_4590_067_-199_4612_001_-021_3.pdf","sewer_d_-4606_109_-199_4590_067_-199_4612_001_-021_3.pdf","10204706","9.73"
"Municipal Document Repository\Drainage\sewer_d_-4606_109_-199_4590_067_-199_4612_001_-021_41.pdf","sewer_d_-4606_109_-199_4590_067_-199_4612_001_-021_41.pdf","6622393","6.32"
"Municipal Document Repository\Drainage\sewer_d_-4606_109_-199_4590_067_-199_4612_001_-021_5.pdf","sewer_d_-4606_109_-199_4590_067_-199_4612_001_-021_5.pdf","10547976","10.06"
"Municipal Document Repository\Drainage\sewer_d_-4606_109_-199_4590_067_-199_4612_001_-021_6.pdf","sewer_d_-4606_109_-199_4590_067_-199_4612_001_-021_6.pdf","11109761","10.6"
"Municipal Document Repository\Drainage\sewer_d_-4606_109_-199_4590_067_-199_4612_001_-021_7.pdf","sewer_d_-4606_109_-199_4590_067_-199_4612_001_-021_7.pdf","10886416","10.38"
"Municipal Document Repository\Drainage\sewer_d_-4606_109_-199_4590_067_-199_4612_001_-021_8.pdf","sewer_d_-4606_109_-199_4590_067_-199_4612_001_-021_8.pdf","12100714","11.54"
"Municipal Document Repository\Drainage\sewer_d_-4606_109_-199_4590_067_-199_4612_001_-021_9.pdf","sewer_d_-4606_109_-199_4590_067_-199_4612_001_-021_9.pdf","10920306","10.41"
"Municipal Document Repository\Drainage\Sewer_E_-4603-009_-010.pdf","Sewer_E_-4603-009_-010.pdf","1644614","1.57"
"Municipal Document Repository\Drainage\sewer_e_-4603-011_-103_1.pdf","sewer_e_-4603-011_-103_1.pdf","5116746","4.88"
"Municipal Document Repository\Drainage\sewer_e_-4603-011_-103_2.pdf","sewer_e_-4603-011_-103_2.pdf","6831255","6.51"
"Municipal Document Repository\Drainage\sewer_e_-4603-011_-103_3.pdf","sewer_e_-4603-011_-103_3.pdf","8415358","8.03"
"Municipal Document Repository\Drainage\sewer_e_-4603-011_-103_4.pdf","sewer_e_-4603-011_-103_4.pdf","9226600","8.8"
"Municipal Document Repository\Drainage\sewer_e_-4603-011_-103_5.pdf","sewer_e_-4603-011_-103_5.pdf","6084234","5.8"
"Municipal Document Repository\Drainage\sewer_e_-4603-011_-103_6.pdf","sewer_e_-4603-011_-103_6.pdf","1709869","1.63"
"Municipal Document Repository\Drainage\sewer_f_-4548_174_-199_1.pdf","sewer_f_-4548_174_-199_1.pdf","11442905","10.91"
"Municipal Document Repository\Drainage\sewer_f_-4548_174_-199_2.pdf","sewer_f_-4548_174_-199_2.pdf","11354640","10.83"
"Municipal Document Repository\Drainage\sewer_f_-4614_001_-199_1.pdf","sewer_f_-4614_001_-199_1.pdf","6307192","6.02"
"Municipal Document Repository\Drainage\sewer_f_-4614_001_-199_2.pdf","sewer_f_-4614_001_-199_2.pdf","9770984","9.32"
"Municipal Document Repository\Drainage\sewer_f_-4614_001_-199_3.pdf","sewer_f_-4614_001_-199_3.pdf","6036737","5.76"
"Municipal Document Repository\Drainage\sewer_f_-4614_001_-199_4.pdf","sewer_f_-4614_001_-199_4.pdf","6214115","5.93"
"Municipal Document Repository\Drainage\sewer_f_-4614_001_-199_5.pdf","sewer_f_-4614_001_-199_5.pdf","6184433","5.9"
"Municipal Document Repository\Drainage\sewer_f_-4614_001_-199_6.pdf","sewer_f_-4614_001_-199_6.pdf","6166429","5.88"
"Municipal Document Repository\Drainage\sewer_f_-4614_001_-199_7.pdf","sewer_f_-4614_001_-199_7.pdf","6060979","5.78"
"Municipal Document Repository\Drainage\sewer_f_-4614_001_-199_8.pdf","sewer_f_-4614_001_-199_8.pdf","6058296","5.78"
"Municipal Document Repository\Drainage\sewer_f_-4615_001_-147_1.pdf","sewer_f_-4615_001_-147_1.pdf","6490380","6.19"
"Municipal Document Repository\Drainage\sewer_f_-4615_001_-147_2.pdf","sewer_f_-4615_001_-147_2.pdf","8872949","8.46"
"Municipal Document Repository\Drainage\sewer_f_-4615_001_-147_3.pdf","sewer_f_-4615_001_-147_3.pdf","6315192","6.02"
"Municipal Document Repository\Drainage\sewer_f_-4615_001_-147_4.pdf","sewer_f_-4615_001_-147_4.pdf","6291964","6"
"Municipal Document Repository\Drainage\sewer_f_-4615_001_-147_5.pdf","sewer_f_-4615_001_-147_5.pdf","5966622","5.69"
"Municipal Document Repository\Drainage\sewer_f_-4615_001_-147_6.pdf","sewer_f_-4615_001_-147_6.pdf","5016070","4.78"
"Municipal Document Repository\Drainage\sewer_k_-4605_055_-177_1.pdf","sewer_k_-4605_055_-177_1.pdf","9264319","8.84"
"Municipal Document Repository\Drainage\sewer_k_-4605_055_-177_2.pdf","sewer_k_-4605_055_-177_2.pdf","7641287","7.29"
"Municipal Document Repository\Drainage\sewer_k_-4605_055_-177_3.pdf","sewer_k_-4605_055_-177_3.pdf","6205665","5.92"
"Municipal Document Repository\Drainage\sewer_k_-4605_055_-177_4.pdf","sewer_k_-4605_055_-177_4.pdf","6320656","6.03"
"Municipal Document Repository\Drainage\sewer_k_-4605_055_-177_5.pdf","sewer_k_-4605_055_-177_5.pdf","5995714","5.72"
"Municipal Document Repository\Drainage\sewer_k_-4609_154_-199_1.pdf","sewer_k_-4609_154_-199_1.pdf","9940862","9.48"
"Municipal Document Repository\Drainage\sewer_k_-4609_154_-199_11.pdf","sewer_k_-4609_154_-199_11.pdf","9940862","9.48"
"Municipal Document Repository\Drainage\sewer_k_-4609_154_-199_2.pdf","sewer_k_-4609_154_-199_2.pdf","9516260","9.08"
"Municipal Document Repository\Drainage\sewer_k_-4609_154_-199_21.pdf","sewer_k_-4609_154_-199_21.pdf","9516260","9.08"
"Municipal Document Repository\Drainage\sewer_l_-4552_186_-199_4613_001_-125_1.pdf","sewer_l_-4552_186_-199_4613_001_-125_1.pdf","8504952","8.11"
"Municipal Document Repository\Drainage\sewer_l_-4552_186_-199_4613_001_-125_2.pdf","sewer_l_-4552_186_-199_4613_001_-125_2.pdf","8732616","8.33"
"Municipal Document Repository\Drainage\sewer_l_-4552_186_-199_4613_001_-125_3.pdf","sewer_l_-4552_186_-199_4613_001_-125_3.pdf","9901578","9.44"
"Municipal Document Repository\Drainage\sewer_l_-4552_186_-199_4613_001_-125_4.pdf","sewer_l_-4552_186_-199_4613_001_-125_4.pdf","8864048","8.45"
"Municipal Document Repository\Drainage\sewer_l_-4552_186_-199_4613_001_-125_5.pdf","sewer_l_-4552_186_-199_4613_001_-125_5.pdf","10290458","9.81"
"Municipal Document Repository\Drainage\Sewer_M_-4577_188_-199.pdf","Sewer_M_-4577_188_-199.pdf","12004554","11.45"
"Municipal Document Repository\Drainage\sewer_m_-4580_019_-199_1.pdf","sewer_m_-4580_019_-199_1.pdf","5284239","5.04"
"Municipal Document Repository\Drainage\sewer_m_-4580_019_-199_2.pdf","sewer_m_-4580_019_-199_2.pdf","5339527","5.09"
"Municipal Document Repository\Drainage\sewer_m_-4580_019_-199_3.pdf","sewer_m_-4580_019_-199_3.pdf","5489767","5.24"
"Municipal Document Repository\Drainage\sewer_m_-4580_019_-199_4.pdf","sewer_m_-4580_019_-199_4.pdf","5501322","5.25"
"Municipal Document Repository\Drainage\sewer_m_-4580_019_-199_5.pdf","sewer_m_-4580_019_-199_5.pdf","5482628","5.23"
"Municipal Document Repository\Drainage\sewer_m_-4580_019_-199_7.pdf","sewer_m_-4580_019_-199_7.pdf","5577700","5.32"
"Municipal Document Repository\Drainage\sewer_m_-4580_019_-199_8.pdf","sewer_m_-4580_019_-199_8.pdf","5329305","5.08"
"Municipal Document Repository\Drainage\sewer_m_-4580_019_-199_9.pdf","sewer_m_-4580_019_-199_9.pdf","4992560","4.76"
"Municipal Document Repository\Drainage\sewer_m_-4583_001_-066_1.pdf","sewer_m_-4583_001_-066_1.pdf","6063805","5.78"
"Municipal Document Repository\Drainage\sewer_m_-4583_001_-066_2.pdf","sewer_m_-4583_001_-066_2.pdf","7157935","6.83"
"Municipal Document Repository\Drainage\sewer_m_-4583_001_-066_3.pdf","sewer_m_-4583_001_-066_3.pdf","5185718","4.95"
"Municipal Document Repository\Drainage\sewer_ward_98_-4561_121_-180_1.pdf","sewer_ward_98_-4561_121_-180_1.pdf","9579389","9.14"
"Municipal Document Repository\Drainage\sewer_ward_98_-4561_121_-180_2.pdf","sewer_ward_98_-4561_121_-180_2.pdf","7421493","7.08"
"Municipal Document Repository\Drainage\sewer_ward_98_-4561_121_-180_3.pdf","sewer_ward_98_-4561_121_-180_3.pdf","6910187","6.59"
"Municipal Document Repository\Drainage\SPS_Golwadi_-4596.pdf","SPS_Golwadi_-4596.pdf","10219876","9.75"
"Municipal Document Repository\Drainage\SPS_Golwadi_4696_006-010.pdf","SPS_Golwadi_4696_006-010.pdf","10219847","9.75"
"Municipal Document Repository\Drainage\SPS_Golwadi_4696_006-0101.pdf","SPS_Golwadi_4696_006-0101.pdf","10219847","9.75"
"Municipal Document Repository\Drainage\SPS_Padegaon_-4594_012_-015.pdf","SPS_Padegaon_-4594_012_-015.pdf","3130593","2.99"
"Municipal Document Repository\Drainage\SPS_Zalta_-4551_022_-026.pdf","SPS_Zalta_-4551_022_-026.pdf","3868884","3.69"
"Municipal Document Repository\Drainage\standing_prastav.pdf","standing_prastav.pdf","9238982","8.81"
"Municipal Document Repository\Drainage\STP_010_MLD_4550_027-041_11.pdf","STP_010_MLD_4550_027-041_11.pdf","7790010","7.43"
"Municipal Document Repository\Drainage\STP_010_MLD_4550_027-041_12.pdf","STP_010_MLD_4550_027-041_12.pdf","7790010","7.43"
"Municipal Document Repository\Drainage\STP_010_MLD_4550_027-041_2.pdf","STP_010_MLD_4550_027-041_2.pdf","3696829","3.53"
"Municipal Document Repository\Drainage\STP_010_MLD_4550_027-041_21.pdf","STP_010_MLD_4550_027-041_21.pdf","3696829","3.53"
"Municipal Document Repository\Drainage\STP_035_MLD_4518_078-108_1.pdf","STP_035_MLD_4518_078-108_1.pdf","11367377","10.84"
"Municipal Document Repository\Drainage\STP_035_MLD_4518_078-108_11.pdf","STP_035_MLD_4518_078-108_11.pdf","11367377","10.84"
"Municipal Document Repository\Drainage\STP_035_MLD_4518_078-108_2.pdf","STP_035_MLD_4518_078-108_2.pdf","11488951","10.96"
"Municipal Document Repository\Drainage\stp_10_mld_-4550_1.pdf","stp_10_mld_-4550_1.pdf","11805865","11.26"
"Municipal Document Repository\Drainage\stp_10_mld_-4550_2.pdf","stp_10_mld_-4550_2.pdf","8402675","8.01"
"Municipal Document Repository\Drainage\stp_161_mld_-4516_1.pdf","stp_161_mld_-4516_1.pdf","12197622","11.63"
"Municipal Document Repository\Drainage\stp_161_mld_-4516_2.pdf","stp_161_mld_-4516_2.pdf","10385870","9.9"
"Municipal Document Repository\Drainage\STP_161_MLD_4516_119-133 (1).pdf","STP_161_MLD_4516_119-133 (1).pdf","10135362","9.67"
"Municipal Document Repository\Drainage\STP_161_MLD_4516_119-133.pdf","STP_161_MLD_4516_119-133.pdf","10135362","9.67"
"Municipal Document Repository\Drainage\STP_161_MLD_4516_119-1331.pdf","STP_161_MLD_4516_119-1331.pdf","10135362","9.67"
"Municipal Document Repository\Drainage\STP_161_MLD_4516_134-138_1.pdf","STP_161_MLD_4516_134-138_1.pdf","2088038","1.99"
"Municipal Document Repository\Drainage\STP_161_MLD_4516_134-138_11.pdf","STP_161_MLD_4516_134-138_11.pdf","2088038","1.99"
"Municipal Document Repository\Drainage\STP_161_MLD_4516_134-138_2.pdf","STP_161_MLD_4516_134-138_2.pdf","1560313","1.49"
"Municipal Document Repository\Drainage\STP_161_MLD_4516_134-138_21.pdf","STP_161_MLD_4516_134-138_21.pdf","1560313","1.49"
"Municipal Document Repository\Drainage\uidssmt_-_sewrage_pmc_Agreement_for_AMC__for_web.pdf","uidssmt_-_sewrage_pmc_Agreement_for_AMC__for_web.pdf","3135771","2.99"
"Municipal Document Repository\Drainage\UIDSSMT_As_built_Drawings_PDF.pdf","UIDSSMT_As_built_Drawings_PDF.pdf","11525425","10.99"
"Municipal Document Repository\Drainage\uidssmt_tender_notice.pdf","uidssmt_tender_notice.pdf","1010898","0.96"
"Municipal Document Repository\Drainage\uidssmt_workorder_scan.pdf","uidssmt_workorder_scan.pdf","4695790","4.48"
"Municipal Document Repository\Drainage\Valume_-I__Report_Estimates.pdf","Valume_-I__Report_Estimates.pdf","11468556","10.94"
"Municipal Document Repository\Drainage\Valume_-I__Report_Estimates_Page_001-200.pdf","Valume_-I__Report_Estimates_Page_001-200.pdf","9704250","9.25"
"Municipal Document Repository\Drainage\Valume_-I__Report_Estimates_Page_301-360.pdf","Valume_-I__Report_Estimates_Page_301-360.pdf","2160521","2.06"
"Municipal Document Repository\Drainage\Volume_-_II__Design_Drawings_Page_001-200.pdf","Volume_-_II__Design_Drawings_Page_001-200.pdf","1216591","1.16"
"Municipal Document Repository\Drainage\Volume_-_II__Design_Drawings_Page_201-400.pdf","Volume_-_II__Design_Drawings_Page_201-400.pdf","1400932","1.34"
"Municipal Document Repository\Drainage\Volume_-_II__Design_Drawings_Page_401-600.pdf","Volume_-_II__Design_Drawings_Page_401-600.pdf","1858672","1.77"
"Municipal Document Repository\Drainage\Volume_-_II__Design_Drawings_Page_601-750.pdf","Volume_-_II__Design_Drawings_Page_601-750.pdf","1857689","1.77"
"Municipal Document Repository\Drainage\Volume_-_II__Design_Drawings_Page_751-800.pdf","Volume_-_II__Design_Drawings_Page_751-800.pdf","609239","0.58"
"Municipal Document Repository\Drainage\Volume_-_II__Design_Drawings_Page_801-837.pdf","Volume_-_II__Design_Drawings_Page_801-837.pdf","704336","0.67"
"Municipal Document Repository\Drainage\Volume_III_BOQ.pdf","Volume_III_BOQ.pdf","756881","0.72"
"Municipal Document Repository\Drainage\Volume_II_Technical_Specification.pdf","Volume_II_Technical_Specification.pdf","8416956","8.03"
"Municipal Document Repository\Drainage\Volume_I_-_General_Conditions.pdf","Volume_I_-_General_Conditions.pdf","934415","0.89"
"Municipal Document Repository\Drainage\ZALTA_STP_MB_10_RA_(4518).pdf","ZALTA_STP_MB_10_RA_(4518).pdf","3124120","2.98"
"Municipal Document Repository\Education Department\Draft_seniority_list_of_co-teachers.pdf","Draft_seniority_list_of_co-teachers.pdf","3114166","2.97"
"Municipal Document Repository\Education Department\Draft_Seniority_List_of_Principals.pdf","Draft_Seniority_List_of_Principals.pdf","333125","0.32"
"Municipal Document Repository\Education Department\Education_informtion__06.pdf","Education_informtion__06.pdf","6721458","6.41"
"Municipal Document Repository\Education Department\Edu__deolapment_officer_seniority_list-2024.pdf","Edu__deolapment_officer_seniority_list-2024.pdf","527205","0.5"
"Municipal Document Repository\Education Department\Head_Master_seniority_list-2024.pdf","Head_Master_seniority_list-2024.pdf","1320181","1.26"
"Municipal Document Repository\Education Department\Inter_District_Transfer_Marathi_Medium_List.pdf","Inter_District_Transfer_Marathi_Medium_List.pdf","1755647","1.67"
"Municipal Document Repository\Education Department\Inter_District_Transfer_Urdu_Medium_List.pdf","Inter_District_Transfer_Urdu_Medium_List.pdf","2272771","2.17"
"Municipal Document Repository\Education Department\manapa-Bhag-2.pdf","manapa-Bhag-2.pdf","7897635","7.53"
"Municipal Document Repository\Education Department\manapa-Bhag-3.pdf","manapa-Bhag-3.pdf","8388640","8"
"Municipal Document Repository\Education Department\manapa-Bhag-4.pdf","manapa-Bhag-4.pdf","8055038","7.68"
"Municipal Document Repository\Education Department\manapa-Bhag-6.pdf","manapa-Bhag-6.pdf","6672653","6.36"
"Municipal Document Repository\Education Department\manapa-Bhag_-1.pdf","manapa-Bhag_-1.pdf","8743407","8.34"
"Municipal Document Repository\Education Department\manapa-_Bhag-5.pdf","manapa-_Bhag-5.pdf","7707055","7.35"
"Municipal Document Repository\Education Department\Schoolwise_Students_List.pdf","Schoolwise_Students_List.pdf","503993","0.48"
"Municipal Document Repository\Education Department\Summer_Camp_Planning_final_-_PPT_compressed.pdf","Summer_Camp_Planning_final_-_PPT_compressed.pdf","738834","0.7"
"Municipal Document Repository\Education Department\Teacher_Seniority_Lust-2024_compressed.pdf","Teacher_Seniority_Lust-2024_compressed.pdf","5497536","5.24"
"Municipal Document Repository\Solid Waste Management Department\EOI_Abhiyakti_Swarasya1.pdf","EOI_Abhiyakti_Swarasya1.pdf","1478462","1.41"
"Municipal Document Repository\Solid Waste Management Department\EOI_SWM.pdf","EOI_SWM.pdf","753126","0.72"
"Municipal Document Repository\Solid Waste Management Department\swm_724_dt__23_11_20221.pdf","swm_724_dt__23_11_20221.pdf","239196","0.23"
"Municipal Document Repository\Tourism Department\BOMBAY_MERCANTILE_CO-OPERATION_B.pdf","BOMBAY_MERCANTILE_CO-OPERATION_B.pdf","1770883","1.69"
"Municipal Document Repository\Tourism Department\khidaki_yojana.pdf","khidaki_yojana.pdf","1181577","1.13"
"Municipal Document Repository\Tourism Department\TENDER_DOCUMENTS.pdf","TENDER_DOCUMENTS.pdf","5601870","5.34"
"municipal-documents\Banner_location.pdf","Banner_location.pdf","232424","0.22"
"policies\Draft Water Policy_CS.pdf","Draft Water Policy_CS.pdf","16225466","15.47"
"rti\Department-wise RTI Documents\Account_Department_RTI_17_2025.pdf","Account_Department_RTI_17_2025.pdf","695963","0.66"
"rti\Department-wise RTI Documents\Additional_Commissioner-1_RTI_17_2025.pdf","Additional_Commissioner-1_RTI_17_2025.pdf","1132141","1.08"
"rti\Department-wise RTI Documents\Animal_Husbandry_RTI_17_2025.pdf","Animal_Husbandry_RTI_17_2025.pdf","237251","0.23"
"rti\Department-wise RTI Documents\Audit_Department_RTI_17_2025_1.pdf","Audit_Department_RTI_17_2025_1.pdf","7066201","6.74"
"rti\Department-wise RTI Documents\Computer_Section_RTI_17_2025.pdf","Computer_Section_RTI_17_2025.pdf","682911","0.65"
"rti\Department-wise RTI Documents\DDTP_2024.pdf","DDTP_2024.pdf","2560837","2.44"
"rti\Department-wise RTI Documents\DMC-1_RTI_17_2025.pdf","DMC-1_RTI_17_2025.pdf","5070132","4.84"
"rti\Department-wise RTI Documents\DMC-2_RTI_17_2025.pdf","DMC-2_RTI_17_2025.pdf","5609569","5.35"
"rti\Department-wise RTI Documents\Dy_Engineer_Zone_No_02_RTI_17_2025.pdf","Dy_Engineer_Zone_No_02_RTI_17_2025.pdf","711110","0.68"
"rti\Department-wise RTI Documents\Dy_Engineer_Zone_No_08_RTI_17_2025.pdf","Dy_Engineer_Zone_No_08_RTI_17_2025.pdf","7229356","6.89"
"rti\Department-wise RTI Documents\Dy_Engineer_Zone_No_09_RTI_17_2025_compressed.pdf","Dy_Engineer_Zone_No_09_RTI_17_2025_compressed.pdf","2201567","2.1"
"rti\Department-wise RTI Documents\Education_Depatment_RTI_17_2025.pdf","Education_Depatment_RTI_17_2025.pdf","115375","0.11"
"rti\Department-wise RTI Documents\Education_Dept_.pdf","Education_Dept_.pdf","4277938","4.08"
"rti\Department-wise RTI Documents\Election_Department_RTI_17_2025.pdf","Election_Department_RTI_17_2025.pdf","654731","0.62"
"rti\Department-wise RTI Documents\Electrical_Department_RTI_17_2025.pdf","Electrical_Department_RTI_17_2025.pdf","7358471","7.02"
"rti\Department-wise RTI Documents\Establishment-1_Dept_.pdf","Establishment-1_Dept_.pdf","162997","0.16"
"rti\Department-wise RTI Documents\Establishment_Department_RTI_17_2025.pdf","Establishment_Department_RTI_17_2025.pdf","164021","0.16"
"rti\Department-wise RTI Documents\Executive_Engineer_Drainage_Garden_2024.pdf","Executive_Engineer_Drainage_Garden_2024.pdf","6565873","6.26"
"rti\Department-wise RTI Documents\Executive_Engineer_Drainage_Garden_RTI_17_2025.pdf","Executive_Engineer_Drainage_Garden_RTI_17_2025.pdf","2718546","2.59"
"rti\Department-wise RTI Documents\Fire_Department_RTI_17_2025.pdf","Fire_Department_RTI_17_2025.pdf","174737","0.17"
"rti\Department-wise RTI Documents\Garden_Dept.pdf","Garden_Dept.pdf","670834","0.64"
"rti\Department-wise RTI Documents\Guildelines_For_Disaster.pdf","Guildelines_For_Disaster.pdf","2362355","2.25"
"rti\Department-wise RTI Documents\Health_Dept__RTI_17_2025.pdf","Health_Dept__RTI_17_2025.pdf","889297","0.85"
"rti\Department-wise RTI Documents\Mechinical_Department_RTI_17_2025.pdf","Mechinical_Department_RTI_17_2025.pdf","2612813","2.49"
"rti\Department-wise RTI Documents\Municipal_Secretary.pdf","Municipal_Secretary.pdf","778674","0.74"
"rti\Department-wise RTI Documents\Municipal_Secretary_RTI_17_2025.pdf","Municipal_Secretary_RTI_17_2025.pdf","2463675","2.35"
"rti\Department-wise RTI Documents\PRO_RTI_17_2025.pdf","PRO_RTI_17_2025.pdf","1093747","1.04"
"rti\Department-wise RTI Documents\RTI-Computer-2024_.pdf","RTI-Computer-2024_.pdf","169122","0.16"
"rti\Department-wise RTI Documents\RTI_17_Mude_Garden_Section_2025.pdf","RTI_17_Mude_Garden_Section_2025.pdf","1317811","1.26"
"rti\Department-wise RTI Documents\Security_Department_RTI_17_2025.pdf","Security_Department_RTI_17_2025.pdf","262899","0.25"
"rti\Department-wise RTI Documents\Solid_Waste_Management.pdf","Solid_Waste_Management.pdf","166344","0.16"
"rti\Department-wise RTI Documents\Store_Department_RTI_17_2025.pdf","Store_Department_RTI_17_2025.pdf","860352","0.82"
"rti\Department-wise RTI Documents\SWM_RTI_17_2025.pdf","SWM_RTI_17_2025.pdf","4006134","3.82"
"rti\Department-wise RTI Documents\Town_Planning_RTI_17_2025.pdf","Town_Planning_RTI_17_2025.pdf","231939","0.22"
"rti\Department-wise RTI Documents\Vigilance_Cell_RTI_17_2025.pdf","Vigilance_Cell_RTI_17_2025.pdf","649507","0.62"
"rti\Department-wise RTI Documents\Water_Supply_City_Mechanical.pdf","Water_Supply_City_Mechanical.pdf","6945245","6.62"
"rti\Department-wise RTI Documents\Water_Supply_Jaikwadi_Mechanical_RTI_17_2025_.pdf","Water_Supply_Jaikwadi_Mechanical_RTI_17_2025_.pdf","2495778","2.38"
"rti\Department-wise RTI Documents\Women_and_Child_Welfare_RTI_17_2025.pdf","Women_and_Child_Welfare_RTI_17_2025.pdf","574208","0.55"
"rti\Department-wise RTI Documents\Zone_D-9_2024.pdf","Zone_D-9_2024.pdf","231530","0.22"
"rti\Department-wise RTI Documents\Zone_F-7_2024.pdf","Zone_F-7_2024.pdf","130749","0.12"
"rti\Department-wise RTI Documents\Zone_No_02_RTI_17_2025.pdf","Zone_No_02_RTI_17_2025.pdf","4069905","3.88"
"rti\Department-wise RTI Documents\Zone_No_06_RTI_17_2025_compressed.pdf","Zone_No_06_RTI_17_2025_compressed.pdf","2727909","2.6"
"rti\Department-wise RTI Documents\Zone_No_07_RTI_17_2025.pdf","Zone_No_07_RTI_17_2025.pdf","4200060","4.01"
"rti\Department-wise RTI Documents\Zone_No_08_RTI_17_2025.pdf","Zone_No_08_RTI_17_2025.pdf","354415","0.34"
"rti\Department-wise RTI Documents\Zone_No_10_RTI_17_2025.pdf","Zone_No_10_RTI_17_2025.pdf","228511","0.22"
"rti\Department-wise RTI Documents\Zone_No_1_RTI_17_2025.pdf","Zone_No_1_RTI_17_2025.pdf","4309007","4.11"
"rti\Department-wise RTI Documents\Zone_No_4_RTI_17_2025.pdf","Zone_No_4_RTI_17_2025.pdf","1370250","1.31"
"rti\Department-wise RTI Documents\Zone_No_5_RTI_17_2025.pdf","Zone_No_5_RTI_17_2025.pdf","6600097","6.29"
"rti\List of RTI Officers\RTI_Order.pdf","RTI_Order.pdf","1132898","1.08"
"rts\Adhi-Suchna.pdf","Adhi-Suchna.pdf","6654507","6.35"
"rts\Gazette_2.pdf","Gazette_2.pdf","2795360","2.67"
"rts\Gazette_Dt_20-11-2025.pdf","Gazette_Dt_20-11-2025.pdf","558629","0.53"
"rts\Maharashtra_Public_Service_Right_Act_Rules_Gazette_21-08-2025.pdf","Maharashtra_Public_Service_Right_Act_Rules_Gazette_21-08-2025.pdf","288322","0.27"
"rts\Maharashtra_Right_to_public_services_Act_2015.pdf","Maharashtra_Right_to_public_services_Act_2015.pdf","268783","0.26"
"rts\RTS_Rules_Gazette2.pdf","RTS_Rules_Gazette2.pdf","174904","0.17"
"standing-committee\1988\29-06-88_To_26-10-88.pdf","29-06-88_To_26-10-88.pdf","1414946","1.35"
"standing-committee\1989\08-06-89_to_16-10-89.pdf","08-06-89_to_16-10-89.pdf","1246469","1.19"
"standing-committee\1989\21-04-89_to_31-05-89.pdf","21-04-89_to_31-05-89.pdf","102220","0.1"
"standing-committee\1989\25-01-89_To_21-03-89.pdf","25-01-89_To_21-03-89.pdf","881625","0.84"
"standing-committee\1990\06-04-90_to_05-11-90.pdf","06-04-90_to_05-11-90.pdf","1292314","1.23"
"standing-committee\1991\18-07-91_to_28-11-91.pdf","18-07-91_to_28-11-91.pdf","1222991","1.17"
"standing-committee\1991\30-03-91_to_06-07-91.pdf","30-03-91_to_06-07-91.pdf","887334","0.85"
"standing-committee\1992\10-3-92_to_29-4-92.pdf","10-3-92_to_29-4-92.pdf","1164328","1.11"
"standing-committee\1992\15-05-1992_to_17-10-92.pdf","15-05-1992_to_17-10-92.pdf","1755171","1.67"
"standing-committee\1993\01-03-93_to_21-04-93.pdf","01-03-93_to_21-04-93.pdf","488776","0.47"
"standing-committee\1993\13-08-93_to_30-11-93.pdf","13-08-93_to_30-11-93.pdf","1137107","1.08"
"standing-committee\1995\16-05-95_to_28-12-95.pdf","16-05-95_to_28-12-95.pdf","1998378","1.91"
"standing-committee\1996\06-01-96_to_19-3-96.pdf","06-01-96_to_19-3-96.pdf","1489723","1.42"
"standing-committee\1996\12-4-96_to_21-9-96.pdf","12-4-96_to_21-9-96.pdf","1582189","1.51"
"standing-committee\1997\10-4-97_to_3-10-97.pdf","10-4-97_to_3-10-97.pdf","1472509","1.4"
"standing-committee\1997\17-1-97_to_29-3-97.pdf","17-1-97_to_29-3-97.pdf","1224785","1.17"
"standing-committee\1998\16-04-98_to_11-11-98.pdf","16-04-98_to_11-11-98.pdf","1735078","1.65"
"standing-committee\1999\12-04-99_to_06-11-99.pdf","12-04-99_to_06-11-99.pdf","1554389","1.48"
"standing-committee\2002\05-2-02_to_27-03-02.pdf","05-2-02_to_27-03-02.pdf","1280709","1.22"
"standing-committee\2003\13-03-2003_to_02-09-2003.pdf","13-03-2003_to_02-09-2003.pdf","1145948","1.09"
"standing-committee\2004\08-04-2004_to_24-06-2004.pdf","08-04-2004_to_24-06-2004.pdf","1032881","0.99"
"standing-committee\2004\10-02-04_to_11-02-04_Tahkub.pdf","10-02-04_to_11-02-04_Tahkub.pdf","458545","0.44"
"standing-committee\2004\12-07-04_to_19-08-04.pdf","12-07-04_to_19-08-04.pdf","1274796","1.22"
"standing-committee\2004\23-08-04to13-12-04.pdf","23-08-04to13-12-04.pdf","1116227","1.06"
"standing-committee\2005\04-10-05.pdf","04-10-05.pdf","141843","0.14"
"standing-committee\2005\06-07-05.pdf","06-07-05.pdf","68786","0.07"
"standing-committee\2005\12-07-05.pdf","12-07-05.pdf","229988","0.22"
"standing-committee\2005\13-09-05.pdf","13-09-05.pdf","118978","0.11"
"standing-committee\2005\16-11-05.pdf","16-11-05.pdf","208219","0.2"
"standing-committee\2005\17-05-05.pdf","17-05-05.pdf","84779","0.08"
"standing-committee\2005\18-10-05.pdf","18-10-05.pdf","263546","0.25"
"standing-committee\2005\20-07-05.pdf","20-07-05.pdf","297440","0.28"
"standing-committee\2005\22-11-05.pdf","22-11-05.pdf","129523","0.12"
"standing-committee\2005\22-12-05_(1).pdf","22-12-05_(1).pdf","220273","0.21"
"standing-committee\2005\24-08-05.pdf","24-08-05.pdf","313857","0.3"
"standing-committee\2005\25-10-05.pdf","25-10-05.pdf","174327","0.17"
"standing-committee\2005\27-09-05.pdf","27-09-05.pdf","297555","0.28"
"standing-committee\2005\29-06-05.pdf","29-06-05.pdf","231266","0.22"
"standing-committee\2005\29-11-05.pdf","29-11-05.pdf","176657","0.17"
"standing-committee\2005\31-05-05.pdf","31-05-05.pdf","187633","0.18"
"standing-committee\2005\31-08-05.pdf","31-08-05.pdf","260827","0.25"
"standing-committee\2006\01-03-06.pdf","01-03-06.pdf","116351","0.11"
"standing-committee\2006\04-01-06.pdf","04-01-06.pdf","143515","0.14"
"standing-committee\2006\07-03-06.pdf","07-03-06.pdf","199997","0.19"
"standing-committee\2006\07-06-06.pdf","07-06-06.pdf","79895","0.08"
"standing-committee\2006\07-11-06.pdf","07-11-06.pdf","189402","0.18"
"standing-committee\2006\10-03-06GB.pdf","10-03-06GB.pdf","77405","0.07"
"standing-committee\2006\10-04-06.pdf","10-04-06.pdf","69076","0.07"
"standing-committee\2006\10-05-06.pdf","10-05-06.pdf","133757","0.13"
"standing-committee\2006\12-07-06.pdf","12-07-06.pdf","54753","0.05"
"standing-committee\2006\14-09-06.pdf","14-09-06.pdf","267666","0.26"
"standing-committee\2006\16-08-06.pdf","16-08-06.pdf","285812","0.27"
"standing-committee\2006\16-10-06.pdf","16-10-06.pdf","79617","0.08"
"standing-committee\2006\16-12-06.pdf","16-12-06.pdf","273878","0.26"
"standing-committee\2006\19-10-06.pdf","19-10-06.pdf","271448","0.26"
"standing-committee\2006\22-03-06.pdf","22-03-06.pdf","153300","0.15"
"standing-committee\2006\22-09-06.pdf","22-09-06.pdf","261452","0.25"
"standing-committee\2006\23-02-06.pdf","23-02-06.pdf","189002","0.18"
"standing-committee\2006\24-11-06.pdf","24-11-06.pdf","250181","0.24"
"standing-committee\2006\26-04-06.pdf","26-04-06.pdf","112612","0.11"
"standing-committee\2006\26-05-06.pdf","26-05-06.pdf","169773","0.16"
"standing-committee\2006\26-07-06a.pdf","26-07-06a.pdf","135532","0.13"
"standing-committee\2006\26-07-06b.pdf","26-07-06b.pdf","157837","0.15"
"standing-committee\2006\28-03-06.pdf","28-03-06.pdf","323677","0.31"
"standing-committee\2006\28-06-06.pdf","28-06-06.pdf","212761","0.2"
"standing-committee\2006\28-08-06.pdf","28-08-06.pdf","223812","0.21"
"standing-committee\2006\31-03-06.pdf","31-03-06.pdf","332545","0.32"
"standing-committee\2006\a10-01-06.pdf","a10-01-06.pdf","204593","0.2"
"standing-committee\2006\b10-01-06.pdf","b10-01-06.pdf","69555","0.07"
"standing-committee\2007\02-02-07.pdf","02-02-07.pdf","72529","0.07"
"standing-committee\2007\04-09-07.pdf","04-09-07.pdf","295901","0.28"
"standing-committee\2007\05-01-07.pdf","05-01-07.pdf","70201","0.07"
"standing-committee\2007\06-02-07.pdf","06-02-07.pdf","349538","0.33"
"standing-committee\2007\06-11-07.pdf","06-11-07.pdf","240027","0.23"
"standing-committee\2007\07-08-07.pdf","07-08-07.pdf","154198","0.15"
"standing-committee\2007\08-05-07.pdf","08-05-07.pdf","273551","0.26"
"standing-committee\2007\11-04-07.pdf","11-04-07.pdf","61340","0.06"
"standing-committee\2007\13-03-07.pdf","13-03-07.pdf","75630","0.07"
"standing-committee\2007\16-01-07.pdf","16-01-07.pdf","339443","0.32"
"standing-committee\2007\17-07-07.pdf","17-07-07.pdf","293010","0.28"
"standing-committee\2007\18-09-07.pdf","18-09-07.pdf","220936","0.21"
"standing-committee\2007\20-03-07a.pdf","20-03-07a.pdf","133839","0.13"
"standing-committee\2007\20-03-07b.pdf","20-03-07b.pdf","479069","0.46"
"standing-committee\2007\23-10-07.pdf","23-10-07.pdf","270335","0.26"
"standing-committee\2007\24-01-07.pdf","24-01-07.pdf","162400","0.15"
"standing-committee\2007\26-06-07.pdf","26-06-07.pdf","337104","0.32"
"standing-committee\2007\27-02-07.pdf","27-02-07.pdf","395574","0.38"
"standing-committee\2007\27-11-07.pdf","27-11-07.pdf","314043","0.3"
"standing-committee\2007\29-05-07.pdf","29-05-07.pdf","303460","0.29"
"standing-committee\2007\30-03-07.pdf","30-03-07.pdf","390470","0.37"
"standing-committee\2007\31-07-07-TKB.pdf","31-07-07-TKB.pdf","159924","0.15"
"standing-committee\2007\31-07-TKB-07-08-07.pdf","31-07-TKB-07-08-07.pdf","241435","0.23"
"standing-committee\2007\31-12-07.pdf","31-12-07.pdf","302360","0.29"
"standing-committee\2008\01-07-08.pdf","01-07-08.pdf","201305","0.19"
"standing-committee\2008\03-12-08TKB.pdf","03-12-08TKB.pdf","84872","0.08"
"standing-committee\2008\04-12-08.pdf","04-12-08.pdf","264565","0.25"
"standing-committee\2008\05-02-08.pdf","05-02-08.pdf","594384","0.57"
"standing-committee\2008\07-04-08.pdf","07-04-08.pdf","117554","0.11"
"standing-committee\2008\08-07-08.pdf","08-07-08.pdf","155596","0.15"
"standing-committee\2008\10-06-08.pdf","10-06-08.pdf","198265","0.19"
"standing-committee\2008\13-05-08.pdf","13-05-08.pdf","212732","0.2"
"standing-committee\2008\15-03-08.pdf","15-03-08.pdf","356458","0.34"
"standing-committee\2008\15-11-08.pdf","15-11-08.pdf","188358","0.18"
"standing-committee\2008\16-07-08.pdf","16-07-08.pdf","128312","0.12"
"standing-committee\2008\17-01-08.pdf","17-01-08.pdf","266486","0.25"
"standing-committee\2008\18-06-08.pdf","18-06-08.pdf","148971","0.14"
"standing-committee\2008\19-03-08.pdf","19-03-08.pdf","64818","0.06"
"standing-committee\2008\19-09-08.pdf","19-09-08.pdf","136428","0.13"
"standing-committee\2008\21-10-08.pdf","21-10-08.pdf","306678","0.29"
"standing-committee\2008\22-04-08.pdf","22-04-08.pdf","121925","0.12"
"standing-committee\2008\22-09-08.pdf","22-09-08.pdf","246433","0.24"
"standing-committee\2008\23-12-08.pdf","23-12-08.pdf","209592","0.2"
"standing-committee\2008\24-03-08.pdf","24-03-08.pdf","152185","0.15"
"standing-committee\2008\24-07-08.pdf","24-07-08.pdf","146402","0.14"
"standing-committee\2008\25-03-08.pdf","25-03-08.pdf","153765","0.15"
"standing-committee\2008\25-11-08TKB.pdf","25-11-08TKB.pdf","91723","0.09"
"standing-committee\2008\28-02-08.pdf","28-02-08.pdf","232541","0.22"
"standing-committee\2008\28-05-08.pdf","28-05-08.pdf","93202","0.09"
"standing-committee\2008\30-04-08.pdf","30-04-08.pdf","139455","0.13"
"standing-committee\2008\30-07-08.pdf","30-07-08.pdf","110053","0.1"
"standing-committee\2008\31-03-08.pdf","31-03-08.pdf","258973","0.25"
"standing-committee\2009\01-09-04-09.pdf","01-09-04-09.pdf","110880","0.11"
"standing-committee\2009\02-30-05-09.pdf","02-30-05-09.pdf","237894","0.23"
"standing-committee\2009\03-11-09.pdf","03-11-09.pdf","240004","0.23"
"standing-committee\2009\03-15-06-09.pdf","03-15-06-09.pdf","235597","0.22"
"standing-committee\2009\04-07-2009.pdf","04-07-2009.pdf","379896","0.36"
"standing-committee\2009\04-12-09.pdf","04-12-09.pdf","129710","0.12"
"standing-committee\2009\04-30-06-09.pdf","04-30-06-09.pdf","82319","0.08"
"standing-committee\2009\05-12-09TKB.pdf","05-12-09TKB.pdf","274170","0.26"
"standing-committee\2009\06-12-07-09.pdf","06-12-07-09.pdf","187157","0.18"
"standing-committee\2009\07-01-09.pdf","07-01-09.pdf","232269","0.22"
"standing-committee\2009\13-11-09.pdf","13-11-09.pdf","220635","0.21"
"standing-committee\2009\18-08-09.pdf","18-08-09.pdf","179154","0.17"
"standing-committee\2009\20-04-02-09.pdf","20-04-02-09.pdf","356249","0.34"
"standing-committee\2009\20-07-09.pdf","20-07-09.pdf","226892","0.22"
"standing-committee\2009\21-08-09.pdf","21-08-09.pdf","126033","0.12"
"standing-committee\2009\21-09-02-09.pdf","21-09-02-09.pdf","166393","0.16"
"standing-committee\2009\24-08-09.pdf","24-08-09.pdf","169310","0.16"
"standing-committee\2009\24-11-09.pdf","24-11-09.pdf","298102","0.28"
"standing-committee\2009\24-26-02-09.pdf","24-26-02-09.pdf","302517","0.29"
"standing-committee\2009\25-08-09.pdf","25-08-09.pdf","58340","0.06"
"standing-committee\2009\26-08-09.pdf","26-08-09.pdf","177908","0.17"
"standing-committee\2009\27-07-09.pdf","27-07-09.pdf","184419","0.18"
"standing-committee\2009\27-08-09.pdf","27-08-09.pdf","36439","0.03"
"standing-committee\2009\27-08-09TKB.pdf","27-08-09TKB.pdf","175144","0.17"
"standing-committee\2009\29-12-09.pdf","29-12-09.pdf","229160","0.22"
"standing-committee\2009\31-08-09.pdf","31-08-09.pdf","164521","0.16"
"standing-committee\2010\02-06-10.pdf","02-06-10.pdf","123221","0.12"
"standing-committee\2010\06-01-10.pdf","06-01-10.pdf","285073","0.27"
"standing-committee\2010\06-02-10TKB.pdf","06-02-10TKB.pdf","80808","0.08"
"standing-committee\2010\06_12_10_ETV.pdf","06_12_10_ETV.pdf","293809","0.28"
"standing-committee\2010\07_09_10__ETV.pdf","07_09_10__ETV.pdf","130258","0.12"
"standing-committee\2010\10-02-10TKB.pdf","10-02-10TKB.pdf","97113","0.09"
"standing-committee\2010\11-02-10.pdf","11-02-10.pdf","448147","0.43"
"standing-committee\2010\15-02-10.pdf","15-02-10.pdf","314841","0.3"
"standing-committee\2010\19_06_10_Vishesh.pdf","19_06_10_Vishesh.pdf","63731","0.06"
"standing-committee\2010\19_06_10__ETV.pdf","19_06_10__ETV.pdf","111678","0.11"
"standing-committee\2010\20-02-10.pdf","20-02-10.pdf","163520","0.16"
"standing-committee\2010\22-01-10.pdf","22-01-10.pdf","138036","0.13"
"standing-committee\2010\23-02-10.pdf","23-02-10.pdf","340776","0.32"
"standing-committee\2010\25_10_10_ETV.pdf","25_10_10_ETV.pdf","235749","0.22"
"standing-committee\2010\26-02-10.pdf","26-02-10.pdf","232520","0.22"
"standing-committee\2010\26.07.10_TKB_ETV.pdf","26.07.10_TKB_ETV.pdf","86456","0.08"
"standing-committee\2010\27-04-10.pdf","27-04-10.pdf","144717","0.14"
"standing-committee\2010\29-01-10.pdf","29-01-10.pdf","253266","0.24"
"standing-committee\2010\29-01-10TKB.pdf","29-01-10TKB.pdf","208300","0.2"
"standing-committee\2010\29.07.10_TKB_26.07.10_ETV.pdf","29.07.10_TKB_26.07.10_ETV.pdf","167558","0.16"
"standing-committee\2010\29_06_10_TKB__ETV.pdf","29_06_10_TKB__ETV.pdf","97087","0.09"
"standing-committee\2010\30_06_10_TKB_29__ETV.pdf","30_06_10_TKB_29__ETV.pdf","154892","0.15"
"standing-committee\2010\30_08_10__ETV.pdf","30_08_10__ETV.pdf","495526","0.47"
"standing-committee\2011\12_01_11_ETV.pdf","12_01_11_ETV.pdf","262091","0.25"
"standing-committee\2011\13.04.2011.pdf","13.04.2011.pdf","40496","0.04"
"standing-committee\2011\14.03.2011.pdf","14.03.2011.pdf","603192","0.58"
"standing-committee\2011\15.04.2011.pdf","15.04.2011.pdf","188821","0.18"
"standing-committee\2011\17-27_04_11_ETV.pdf","17-27_04_11_ETV.pdf","67526","0.06"
"standing-committee\2011\18-29_04_11_ETV.pdf","18-29_04_11_ETV.pdf","344959","0.33"
"standing-committee\2011\20-01-2011.pdf","20-01-2011.pdf","212891","0.2"
"standing-committee\2011\21-02-2011.pdf","21-02-2011.pdf","621394","0.59"
"standing-committee\2011\21.03.2011.pdf","21.03.2011.pdf","143910","0.14"
"standing-committee\2011\22.03.2011.pdf","22.03.2011.pdf","675017","0.64"
"standing-committee\2012\01-02_06_12_ETV.pdf","01-02_06_12_ETV.pdf","94691","0.09"
"standing-committee\2012\01-25_04_12_ETV.pdf","01-25_04_12_ETV.pdf","99403","0.09"
"standing-committee\2012\02-30_04_12_ETV_Pudhe_Dhakalnyat_aaleli_Dt._06_06_2012_gheny.pdf","02-30_04_12_ETV_Pudhe_Dhakalnyat_aaleli_Dt._06_06_2012_gheny.pdf","110993","0.11"
"standing-committee\2012\03-15_06_12__ETV.pdf","03-15_06_12__ETV.pdf","153522","0.15"
"standing-committee\2012\04-25_06_12_ETV.pdf","04-25_06_12_ETV.pdf","94897","0.09"
"standing-committee\2012\05-_06_07_12_ETV.pdf","05-_06_07_12_ETV.pdf","126795","0.12"
"standing-committee\2012\06-_16_07_12_ETV_Pudhe_Dhakalnyat_aaleli_Dt.19_07_12_ghenyat.pdf","06-_16_07_12_ETV_Pudhe_Dhakalnyat_aaleli_Dt.19_07_12_ghenyat.pdf","148323","0.14"
"standing-committee\2012\07-27_07_12_ETV.pdf","07-27_07_12_ETV.pdf","155108","0.15"
"standing-committee\2012\08-03_08_12_ETV.pdf","08-03_08_12_ETV.pdf","320203","0.31"
"standing-committee\2012\09-10_08_12_ETV.pdf","09-10_08_12_ETV.pdf","257382","0.25"
"standing-committee\2012\10-_21_08_12_Chi_Tahakub_Pudhe_28_08_12_La_Ghenyat_Ali_ETV.pdf","10-_21_08_12_Chi_Tahakub_Pudhe_28_08_12_La_Ghenyat_Ali_ETV.pdf","44179","0.04"
"standing-committee\2012\11-28_08_12_ETV.pdf","11-28_08_12_ETV.pdf","162477","0.15"
"standing-committee\2012\12-07__09_12_ETV.pdf","12-07__09_12_ETV.pdf","127315","0.12"
"standing-committee\2012\13-21__09_12_ETV.pdf","13-21__09_12_ETV.pdf","193246","0.18"
"standing-committee\2012\14-28__09_12_ETV.pdf","14-28__09_12_ETV.pdf","145724","0.14"
"standing-committee\2012\15-11__10_12_ETV.pdf","15-11__10_12_ETV.pdf","125778","0.12"
"standing-committee\2012\16-16__10_12_ETV.pdf","16-16__10_12_ETV.pdf","238472","0.23"
"standing-committee\2012\17-08_11_12_ETV.pdf","17-08_11_12_ETV.pdf","184203","0.18"
"standing-committee\2012\18-12_11_12_ETV.pdf","18-12_11_12_ETV.pdf","81325","0.08"
"standing-committee\2012\18-17_11_12_ETV_Dt.12_11_12_Chi_Tahakub.pdf","18-17_11_12_ETV_Dt.12_11_12_Chi_Tahakub.pdf","45810","0.04"
"standing-committee\2012\19-15_12_12_ETV_Dt.29_11_12_Chi_Tahakub.pdf","19-15_12_12_ETV_Dt.29_11_12_Chi_Tahakub.pdf","61780","0.06"
"standing-committee\2012\19-29_11_12_ETV.pdf","19-29_11_12_ETV.pdf","35923","0.03"
"standing-committee\2012\20-15_12_12_ETV.pdf","20-15_12_12_ETV.pdf","151006","0.14"
"standing-committee\2012\21-31_12_12_ETV.pdf","21-31_12_12_ETV.pdf","149715","0.14"
"standing-committee\2013\22-05_01_13_ETV.pdf","22-05_01_13_ETV.pdf","66908","0.06"
"standing-committee\2013\22-10_01_13_ETV_Dt_05_01_13_Chi_Tahakub.pdf","22-10_01_13_ETV_Dt_05_01_13_Chi_Tahakub.pdf","137123","0.13"
"standing-committee\2013\23-10_01_13_ETV.pdf","23-10_01_13_ETV.pdf","136942","0.13"
"standing-committee\2013\24-17_01_13_ETV.pdf","24-17_01_13_ETV.pdf","109366","0.1"
"standing-committee\2013\25-28_01_13_ETV.pdf","25-28_01_13_ETV.pdf","200519","0.19"
"standing-committee\2013\26-05_02_13_ETV.pdf","26-05_02_13_ETV.pdf","260115","0.25"
"standing-committee\2013\27-18_02_13_ETV.pdf","27-18_02_13_ETV.pdf","231101","0.22"
"standing-committee\2013\28-28_02_13_ETV.pdf","28-28_02_13_ETV.pdf","138939","0.13"
"standing-committee\2013\29-06_03_13_ETV.pdf","29-06_03_13_ETV.pdf","144182","0.14"
"standing-committee\2013\30-14_03_13_ETV.pdf","30-14_03_13_ETV.pdf","159930","0.15"
"standing-committee\2014\04-08_08_14_ETV.pdf","04-08_08_14_ETV.pdf","259426","0.25"
"standing-committee\2014\05-26_08_14_ETV.pdf","05-26_08_14_ETV.pdf","224822","0.21"
"standing-committee\2014\06-03_09_14_ETV.pdf","06-03_09_14_ETV.pdf","237481","0.23"
"standing-committee\2014\07-_18_11_14_ETV.pdf","07-_18_11_14_ETV.pdf","227110","0.22"
"standing-committee\2014\08-_10_12_14_ETV_Pudhe_Dhakalaly.pdf","08-_10_12_14_ETV_Pudhe_Dhakalaly.pdf","200426","0.19"
"standing-committee\2015\01.10_06_15_ETV.pdf","01.10_06_15_ETV.pdf","156401","0.15"
"standing-committee\2015\02-22_06_15_ETV.pdf","02-22_06_15_ETV.pdf","214115","0.2"
"standing-committee\2015\03-15__07_15__ETV_La_Tahakub.pdf","03-15__07_15__ETV_La_Tahakub.pdf","117716","0.11"
"standing-committee\2015\03-23__07_15_ETV_Dt.15_07_15_Chi_Tahakub.pdf","03-23__07_15_ETV_Dt.15_07_15_Chi_Tahakub.pdf","228384","0.22"
"standing-committee\2015\04-28__07_15_ETV_La_Tahakub.pdf","04-28__07_15_ETV_La_Tahakub.pdf","90912","0.09"
"standing-committee\2015\04-_05_08_15_Dt.28_07_15_chi_Tahakub_ETV.pdf","04-_05_08_15_Dt.28_07_15_chi_Tahakub_ETV.pdf","206949","0.2"
"standing-committee\2015\05-05__08_15_ETV.pdf","05-05__08_15_ETV.pdf","179635","0.17"
"standing-committee\2015\06-07__08_15_ETV_Budget.pdf","06-07__08_15_ETV_Budget.pdf","160963","0.15"
"standing-committee\2015\06-10_09_15_ETV__Dt._07_08_15_Chi_Tahakub_Budget.pdf","06-10_09_15_ETV__Dt._07_08_15_Chi_Tahakub_Budget.pdf","144123","0.14"
"standing-committee\2015\07-24__08_15_ETV.pdf","07-24__08_15_ETV.pdf","248422","0.24"
"standing-committee\2015\08_-_28__09_15_ETV_Tahakub.pdf","08_-_28__09_15_ETV_Tahakub.pdf","110279","0.11"
"standing-committee\2015\08_-_29__09_15__ETV_Dt._28.09.15_chi_tahakub.pdf","08_-_29__09_15__ETV_Dt._28.09.15_chi_tahakub.pdf","189815","0.18"
"standing-committee\2015\09-04_12_15_ETV_Dt.05_11_15_Chi_Tahakub.pdf","09-04_12_15_ETV_Dt.05_11_15_Chi_Tahakub.pdf","50058","0.05"
"standing-committee\2015\09-05_11_15__ETV_Tahakub.pdf","09-05_11_15__ETV_Tahakub.pdf","132337","0.13"
"standing-committee\2015\09-_22_01_15_ETV.pdf","09-_22_01_15_ETV.pdf","329578","0.31"
"standing-committee\2015\10-04_12_15_ETV.pdf","10-04_12_15_ETV.pdf","126742","0.12"
"standing-committee\2015\11-21_12_15__ETV.pdf","11-21_12_15__ETV.pdf","160873","0.15"
"standing-committee\2015\11-_12_02_15_ETV.pdf","11-_12_02_15_ETV.pdf","391351","0.37"
"standing-committee\2015\12-_27_02_15_ETV.pdf","12-_27_02_15_ETV.pdf","426468","0.41"
"standing-committee\2015\13-_05_03_15_ETV.pdf","13-_05_03_15_ETV.pdf","211720","0.2"
"standing-committee\2015\14-_16_03_15_KP.pdf","14-_16_03_15_KP.pdf","156129","0.15"
"standing-committee\2015\16-_23_03_15_ETV.pdf","16-_23_03_15_ETV.pdf","125704","0.12"
"standing-committee\2016\01-02_06_2016_ETV_Chairman_Election.pdf","01-02_06_2016_ETV_Chairman_Election.pdf","68109","0.06"
"standing-committee\2016\02-22_06_16_ETV.pdf","02-22_06_16_ETV.pdf","103399","0.1"
"standing-committee\2016\03-02_07_16_ETV.pdf","03-02_07_16_ETV.pdf","187282","0.18"
"standing-committee\2016\04-04_08_16_ETV.pdf","04-04_08_16_ETV.pdf","160101","0.15"
"standing-committee\2016\05-23_08_16_ETV_La_Tahakub.pdf","05-23_08_16_ETV_La_Tahakub.pdf","48298","0.05"
"standing-committee\2016\05-26_08_16_ETV_Dt.23_08_16_Chi_Tahakub.pdf","05-26_08_16_ETV_Dt.23_08_16_Chi_Tahakub.pdf","168688","0.16"
"standing-committee\2016\06-27_09_16_ETV.pdf","06-27_09_16_ETV.pdf","220135","0.21"
"standing-committee\2016\07-11_11_16_ETV_Dt_26_10_16_Chi_Tahakub.pdf","07-11_11_16_ETV_Dt_26_10_16_Chi_Tahakub.pdf","208877","0.2"
"standing-committee\2016\07-26_10_16_ETV_La_Tahakub_Sabha.pdf","07-26_10_16_ETV_La_Tahakub_Sabha.pdf","43000","0.04"
"standing-committee\2016\08-24_11_16_ETV.pdf","08-24_11_16_ETV.pdf","272817","0.26"
"standing-committee\2016\09-28_12_16_ETV.pdf","09-28_12_16_ETV.pdf","312994","0.3"
"standing-committee\2016\12-20_01_16__ETV.pdf","12-20_01_16__ETV.pdf","186490","0.18"
"standing-committee\2016\13-18_02_16__ETV.pdf","13-18_02_16__ETV.pdf","249175","0.24"
"standing-committee\2016\14-16_03_16__ETV_Budget.pdf","14-16_03_16__ETV_Budget.pdf","114080","0.11"
"standing-committee\2016\14-19_03_16__ETV_Budget.pdf","14-19_03_16__ETV_Budget.pdf","81578","0.08"
"standing-committee\2016\14-28_03_16__ETV_Budget.pdf","14-28_03_16__ETV_Budget.pdf","77350","0.07"
"standing-committee\2016\15-30_04_16__ETV.pdf","15-30_04_16__ETV.pdf","174310","0.17"
"standing-committee\2016\16-30_04_16__ETV.pdf","16-30_04_16__ETV.pdf","68629","0.07"
"standing-committee\2017\01-03_06_17_ETV_Chairman_Ele.pdf","01-03_06_17_ETV_Chairman_Ele.pdf","70791","0.07"
"standing-committee\2017\02-15_06_17_ETV.pdf","02-15_06_17_ETV.pdf","258672","0.25"
"standing-committee\2017\03-06_07_17_ETV.pdf","03-06_07_17_ETV.pdf","208299","0.2"
"standing-committee\2017\04-19_07_17_ETV.pdf","04-19_07_17_ETV.pdf","283082","0.27"
"standing-committee\2017\05-02_08_17_ETV.pdf","05-02_08_17_ETV.pdf","270928","0.26"
"standing-committee\2017\06-10_08_17_ETV.pdf","06-10_08_17_ETV.pdf","182134","0.17"
"standing-committee\2017\07-23_08_17_ETV.pdf","07-23_08_17_ETV.pdf","217266","0.21"
"standing-committee\2017\08-13_09_17_ETV.pdf","08-13_09_17_ETV.pdf","207104","0.2"
"standing-committee\2017\09-28_09_17_ETV.pdf","09-28_09_17_ETV.pdf","174103","0.17"
"standing-committee\2017\10-04_10_17_ETV.pdf","10-04_10_17_ETV.pdf","101079","0.1"
"standing-committee\2017\10-16_01_17_ETV.pdf","10-16_01_17_ETV.pdf","43717","0.04"
"standing-committee\2017\11-11_10_17_ETV.pdf","11-11_10_17_ETV.pdf","134686","0.13"
"standing-committee\2017\11-30__01_17_ETV.pdf","11-30__01_17_ETV.pdf","42253","0.04"
"standing-committee\2017\12-17_02_17__ETV.pdf","12-17_02_17__ETV.pdf","178383","0.17"
"standing-committee\2017\12-26_10_17_ETV_Pudhe_Dhakalli_03_11_17_la_Ghenyat_aali.pdf","12-26_10_17_ETV_Pudhe_Dhakalli_03_11_17_la_Ghenyat_aali.pdf","173046","0.17"
"standing-committee\2017\13-10_03_17_Dt_28_02_17_Chi_Tahakub_ETV.pdf","13-10_03_17_Dt_28_02_17_Chi_Tahakub_ETV.pdf","351923","0.34"
"standing-committee\2017\13-14_11_17_ETV.pdf","13-14_11_17_ETV.pdf","276998","0.26"
"standing-committee\2017\13-28_02_17_ETV_Tahakub.pdf","13-28_02_17_ETV_Tahakub.pdf","144024","0.14"
"standing-committee\2017\14-21_03_17_ETV_Budget_Tahakub.pdf","14-21_03_17_ETV_Budget_Tahakub.pdf","171857","0.16"
"standing-committee\2017\14-21_04_17_ETV_Dt.21_03_17_chi_TahakubBudget.pdf","14-21_04_17_ETV_Dt.21_03_17_chi_TahakubBudget.pdf","86063","0.08"
"standing-committee\2017\14-30_11_17_ETV.pdf","14-30_11_17_ETV.pdf","171310","0.16"
"standing-committee\2017\15-07_04_17_ETV.pdf","15-07_04_17_ETV.pdf","291438","0.28"
"standing-committee\2017\15-22_12_17_ETV.pdf","15-22_12_17_ETV.pdf","179827","0.17"
"standing-committee\2018\01-02_06_18_ETV_Chairman_Election.pdf","01-02_06_18_ETV_Chairman_Election.pdf","87455","0.08"
"standing-committee\2018\02-14_06_18_ETV.pdf","02-14_06_18_ETV.pdf","134741","0.13"
"standing-committee\2018\03-02_07_18_ETV.pdf","03-02_07_18_ETV.pdf","170608","0.16"
"standing-committee\2018\04-10_07_18_ETV.pdf","04-10_07_18_ETV.pdf","187675","0.18"
"standing-committee\2018\05-13_07_18_ETV_La_Pudhe_Dhakalli_Dt._31_07_18_La_Ghenyat_aali.pdf","05-13_07_18_ETV_La_Pudhe_Dhakalli_Dt._31_07_18_La_Ghenyat_aali.pdf","329056","0.31"
"standing-committee\2018\16-11_01_18_ETV.pdf","16-11_01_18_ETV.pdf","390286","0.37"
"standing-committee\2018\17-24_01_18_ETV.pdf","17-24_01_18_ETV.pdf","340514","0.32"
"standing-committee\2018\18-07_02_18_ETV.pdf","18-07_02_18_ETV.pdf","213717","0.2"
"standing-committee\2018\19-01_03_18_ETV.pdf","19-01_03_18_ETV.pdf","210638","0.2"
"standing-committee\2018\20-13_03_18_ETV.pdf","20-13_03_18_ETV.pdf","200303","0.19"
"standing-committee\2018\21-21_03_18_ETV.pdf","21-21_03_18_ETV.pdf","213115","0.2"
"standing-committee\2018\22-26_03_18_ETV_Budget.pdf","22-26_03_18_ETV_Budget.pdf","80142","0.08"
"standing-committee\2018\23-28_03_18_ETV.pdf","23-28_03_18_ETV.pdf","109965","0.1"
"standing-committee\2018\24-07_04_18_ETV.pdf","24-07_04_18_ETV.pdf","155465","0.15"
"standing-committee\2018\25-13_04_18_ETV.pdf","25-13_04_18_ETV.pdf","141877","0.14"
"standing-committee\2018\26-21_04_18_ETV.pdf","26-21_04_18_ETV.pdf","89515","0.09"
"standing-committee\2018\27-27_04_18_ETV.pdf","27-27_04_18_ETV.pdf","121088","0.12"
"standing-committee\2018\28-30_04_18_ETV.pdf","28-30_04_18_ETV.pdf","112313","0.11"
"standing-committee\2018\SC-08-29_08_2018_ETV_out.pdf","SC-08-29_08_2018_ETV_out.pdf","194758","0.19"
"standing-committee\2018\SC-09-01_10_2018_Dt_out.pdf","SC-09-01_10_2018_Dt_out.pdf","102325","0.1"
"standing-committee\2018\SC-10-01_10_2018_Dt_out.pdf","SC-10-01_10_2018_Dt_out.pdf","105586","0.1"
"standing-committee\2018\SC-11-09_10_2018_ETV_out.pdf","SC-11-09_10_2018_ETV_out.pdf","192080","0.18"
"standing-committee\2018\SC-12-_22_10_2018_Dt_out.pdf","SC-12-_22_10_2018_Dt_out.pdf","167746","0.16"
"standing-committee\2018\SC-13-_02_11_2018_ETV_out.pdf","SC-13-_02_11_2018_ETV_out.pdf","253114","0.24"
"standing-committee\2018\SC-14-_19_11_2018_ETV_out.pdf","SC-14-_19_11_2018_ETV_out.pdf","175035","0.17"
"standing-committee\2018\SC-15-_03_12_2018_ETV_out.pdf","SC-15-_03_12_2018_ETV_out.pdf","192176","0.18"
"standing-committee\2018\SC-16-_10_12_2018_ETV_out.pdf","SC-16-_10_12_2018_ETV_out.pdf","126548","0.12"
"standing-committee\2018\SC-17-_15_12_2018_ETV_out.pdf","SC-17-_15_12_2018_ETV_out.pdf","115548","0.11"
"standing-committee\2018\SC-18-_27_12_2018_ETV_out.pdf","SC-18-_27_12_2018_ETV_out.pdf","170720","0.16"
"standing-committee\2018\SC-_06-07_08_2018_ETV.pdf","SC-_06-07_08_2018_ETV.pdf","128301","0.12"
"standing-committee\2018\SC-_07-23_08_2018_ETV_out.pdf","SC-_07-23_08_2018_ETV_out.pdf","219688","0.21"
"standing-committee\2018\SC-_09-03_09_2018_ETV_Tahakub_out.pdf","SC-_09-03_09_2018_ETV_Tahakub_out.pdf","42424","0.04"
"standing-committee\2019\SC-01-_04.06.019_ETV_Election_of_Chairman.pdf","SC-01-_04.06.019_ETV_Election_of_Chairman.pdf","89363","0.09"
"standing-committee\2019\SC-02-_04_09_2019_ETV_la_Antim_28_06_2019_la_Tahakub_-_Budget.pdf","SC-02-_04_09_2019_ETV_la_Antim_28_06_2019_la_Tahakub_-_Budget.pdf","122828","0.12"
"standing-committee\2019\SC-02-_28_06_2019_ETV_-_Budget_Tahakub.pdf","SC-02-_28_06_2019_ETV_-_Budget_Tahakub.pdf","81668","0.08"
"standing-committee\2019\SC-02-_28_08_2019_ETV_-Dt.28_06_19_Chi_Tahakub__Budget_Tahakub.pdf","SC-02-_28_08_2019_ETV_-Dt.28_06_19_Chi_Tahakub__Budget_Tahakub.pdf","145874","0.14"
"standing-committee\2019\SC-03-_15_07_2019_ETV.pdf","SC-03-_15_07_2019_ETV.pdf","341075","0.33"
"standing-committee\2019\SC-04-_16_09_2019_ETV.pdf","SC-04-_16_09_2019_ETV.pdf","371572","0.35"
"standing-committee\2019\SC-05-_14_11_2019_ETV.pdf","SC-05-_14_11_2019_ETV.pdf","187784","0.18"
"standing-committee\2019\SC-06-_17_12_2019_ETV.pdf","SC-06-_17_12_2019_ETV.pdf","195452","0.19"
"standing-committee\2019\SC-19-_14_01_2019_ETV_out.pdf","SC-19-_14_01_2019_ETV_out.pdf","198634","0.19"
"standing-committee\2019\SC-20-_24_01_2019_ETV_out.pdf","SC-20-_24_01_2019_ETV_out.pdf","196135","0.19"
"standing-committee\2019\SC-21-_01_02_2019_ETV_out.pdf","SC-21-_01_02_2019_ETV_out.pdf","206403","0.2"
"standing-committee\2019\SC-22-_08_02_2019_ETV_out.pdf","SC-22-_08_02_2019_ETV_out.pdf","179673","0.17"
"standing-committee\2019\SC-23-_18_02_2019_ETV_out.pdf","SC-23-_18_02_2019_ETV_out.pdf","184109","0.18"
"standing-committee\2019\SC-24-_28_02_2019_ETV_out.pdf","SC-24-_28_02_2019_ETV_out.pdf","232399","0.22"
"standing-committee\2019\SC-25-_05_03_2019_ETV_out.pdf","SC-25-_05_03_2019_ETV_out.pdf","106215","0.1"
"standing-committee\2019\SC-26-_08_03_2019_ETV_out.pdf","SC-26-_08_03_2019_ETV_out.pdf","187225","0.18"
"standing-committee\2020\SC-07-_14_01_2020_ETV.pdf","SC-07-_14_01_2020_ETV.pdf","124368","0.12"
"standing-committee\2020\SC-08-_13_02_2020_ETV.pdf","SC-08-_13_02_2020_ETV.pdf","365554","0.35"
"standing-committee\2020\SC-09-_09_03_2020_ETV_Tahakub_Dt.pdf","SC-09-_09_03_2020_ETV_Tahakub_Dt.pdf","262867","0.25"
"standing-committee\2020\SC-09-_11_03_2020_ETV__Dt.pdf","SC-09-_11_03_2020_ETV__Dt.pdf","61676","0.06"
"standing-committee\2025\EST_12_01_2025.pdf","EST_12_01_2025.pdf","54247","0.05"
"standing-committee\2025\Municipal_Corporation_-_Improved_Voter_List_Program_26-11-2025.pdf","Municipal_Corporation_-_Improved_Voter_List_Program_26-11-2025.pdf","504720","0.48"
"standing-committee\2026\EST-1_Dt_03_07_2026.pdf","EST-1_Dt_03_07_2026.pdf","155222","0.15"
"standing-committee\Duplicate Review\01-03-06.pdf","01-03-06.pdf","116351","0.11"
"standing-committee\Duplicate Review\01-07-08.pdf","01-07-08.pdf","201305","0.19"
"standing-committee\Duplicate Review\02-02-07.pdf","02-02-07.pdf","72529","0.07"
"standing-committee\Duplicate Review\02-30-05-09_(1).pdf","02-30-05-09_(1).pdf","237894","0.23"
"standing-committee\Duplicate Review\03-12-08TKB.pdf","03-12-08TKB.pdf","84872","0.08"
"standing-committee\Duplicate Review\04-01-06.pdf","04-01-06.pdf","143515","0.14"
"standing-committee\Duplicate Review\04-09-07.pdf","04-09-07.pdf","295901","0.28"
"standing-committee\Duplicate Review\04-10-05.pdf","04-10-05.pdf","141843","0.14"
"standing-committee\Duplicate Review\04-12-08.pdf","04-12-08.pdf","264565","0.25"
"standing-committee\Duplicate Review\05-01-07.pdf","05-01-07.pdf","70201","0.07"
"standing-committee\Duplicate Review\05-02-08.pdf","05-02-08.pdf","594384","0.57"
"standing-committee\Duplicate Review\06-02-07.pdf","06-02-07.pdf","349538","0.33"
"standing-committee\Duplicate Review\06-03-07.pdf","06-03-07.pdf","39729","0.04"
"standing-committee\Duplicate Review\06-07-05.pdf","06-07-05.pdf","68786","0.07"
"standing-committee\Duplicate Review\06-11-07.pdf","06-11-07.pdf","240027","0.23"
"standing-committee\Duplicate Review\07-03-06.pdf","07-03-06.pdf","199997","0.19"
"standing-committee\Duplicate Review\07-04-08.pdf","07-04-08.pdf","117554","0.11"
"standing-committee\Duplicate Review\07-06-06.pdf","07-06-06.pdf","79895","0.08"
"standing-committee\Duplicate Review\07-08-07.pdf","07-08-07.pdf","154198","0.15"
"standing-committee\Duplicate Review\08-07-08.pdf","08-07-08.pdf","155596","0.15"
"standing-committee\Duplicate Review\10-03-06GB.pdf","10-03-06GB.pdf","77405","0.07"
"standing-committee\Duplicate Review\10-04-06.pdf","10-04-06.pdf","69076","0.07"
"standing-committee\Duplicate Review\10-05-06.pdf","10-05-06.pdf","133757","0.13"
"standing-committee\Duplicate Review\10-06-08.pdf","10-06-08.pdf","198265","0.19"
"standing-committee\Duplicate Review\12-01-07.pdf","12-01-07.pdf","242616","0.23"
"standing-committee\Duplicate Review\12-07-05.pdf","12-07-05.pdf","229988","0.22"
"standing-committee\Duplicate Review\13-05-08.pdf","13-05-08.pdf","212732","0.2"
"standing-committee\Duplicate Review\13-09-05.pdf","13-09-05.pdf","118978","0.11"
"standing-committee\Duplicate Review\14-09-06.pdf","14-09-06.pdf","267666","0.26"
"standing-committee\Duplicate Review\15-03-08.pdf","15-03-08.pdf","356458","0.34"
"standing-committee\Duplicate Review\15-11-08.pdf","15-11-08.pdf","188358","0.18"
"standing-committee\Duplicate Review\16-01-07.pdf","16-01-07.pdf","339443","0.32"
"standing-committee\Duplicate Review\16-03-06.pdf","16-03-06.pdf","121382","0.12"
"standing-committee\Duplicate Review\16-07-08.pdf","16-07-08.pdf","128312","0.12"
"standing-committee\Duplicate Review\16-08-06.pdf","16-08-06.pdf","285812","0.27"
"standing-committee\Duplicate Review\16-10-06.pdf","16-10-06.pdf","79617","0.08"
"standing-committee\Duplicate Review\16-11-05.pdf","16-11-05.pdf","208219","0.2"
"standing-committee\Duplicate Review\17-01-08.pdf","17-01-08.pdf","266486","0.25"
"standing-committee\Duplicate Review\17-03-06.pdf","17-03-06.pdf","209705","0.2"
"standing-committee\Duplicate Review\17-05-05 (1).pdf","17-05-05 (1).pdf","84779","0.08"
"standing-committee\Duplicate Review\17-05-05.pdf","17-05-05.pdf","84779","0.08"
"standing-committee\Duplicate Review\18-06-08.pdf","18-06-08.pdf","148971","0.14"
"standing-committee\Duplicate Review\18-07-91_to_28-11-91_(1).pdf","18-07-91_to_28-11-91_(1).pdf","1222991","1.17"
"standing-committee\Duplicate Review\18-09-07.pdf","18-09-07.pdf","220936","0.21"
"standing-committee\Duplicate Review\18-10-05 (1).pdf","18-10-05 (1).pdf","263546","0.25"
"standing-committee\Duplicate Review\18-10-05.pdf","18-10-05.pdf","263546","0.25"
"standing-committee\Duplicate Review\19-03-08.pdf","19-03-08.pdf","64818","0.06"
"standing-committee\Duplicate Review\19-09-08.pdf","19-09-08.pdf","136428","0.13"
"standing-committee\Duplicate Review\20-07-05.pdf","20-07-05.pdf","297440","0.28"
"standing-committee\Duplicate Review\21-10-08.pdf","21-10-08.pdf","306678","0.29"
"standing-committee\Duplicate Review\22-03-06.pdf","22-03-06.pdf","153300","0.15"
"standing-committee\Duplicate Review\22-04-08.pdf","22-04-08.pdf","121925","0.12"
"standing-committee\Duplicate Review\22-09-06.pdf","22-09-06.pdf","261452","0.25"
"standing-committee\Duplicate Review\22-09-08.pdf","22-09-08.pdf","246433","0.24"
"standing-committee\Duplicate Review\22-11-05.pdf","22-11-05.pdf","129523","0.12"
"standing-committee\Duplicate Review\22-12-05.pdf","22-12-05.pdf","220273","0.21"
"standing-committee\Duplicate Review\22-12-05_(1).pdf","22-12-05_(1).pdf","220273","0.21"
"standing-committee\Duplicate Review\23-02-06.pdf","23-02-06.pdf","189002","0.18"
"standing-committee\Duplicate Review\23-08-04to13-12-04.pdf","23-08-04to13-12-04.pdf","1116227","1.06"
"standing-committee\Duplicate Review\23-10-07.pdf","23-10-07.pdf","270335","0.26"
"standing-committee\Duplicate Review\23-12-08.pdf","23-12-08.pdf","209592","0.2"
"standing-committee\Duplicate Review\24-01-07.pdf","24-01-07.pdf","162400","0.15"
"standing-committee\Duplicate Review\24-03-08.pdf","24-03-08.pdf","152185","0.15"
"standing-committee\Duplicate Review\24-07-08.pdf","24-07-08.pdf","146402","0.14"
"standing-committee\Duplicate Review\24-08-05.pdf","24-08-05.pdf","313857","0.3"
"standing-committee\Duplicate Review\25-03-08.pdf","25-03-08.pdf","153765","0.15"
"standing-committee\Duplicate Review\25-10-05.pdf","25-10-05.pdf","174327","0.17"
"standing-committee\Duplicate Review\25-11-08TKB.pdf","25-11-08TKB.pdf","91723","0.09"
"standing-committee\Duplicate Review\26-04-06.pdf","26-04-06.pdf","112612","0.11"
"standing-committee\Duplicate Review\26-05-06.pdf","26-05-06.pdf","169773","0.16"
"standing-committee\Duplicate Review\26-07-06b.pdf","26-07-06b.pdf","157837","0.15"
"standing-committee\Duplicate Review\27-02-07.pdf","27-02-07.pdf","395574","0.38"
"standing-committee\Duplicate Review\27-09-05.pdf","27-09-05.pdf","297555","0.28"
"standing-committee\Duplicate Review\27-11-07.pdf","27-11-07.pdf","314043","0.3"
"standing-committee\Duplicate Review\28-02-08.pdf","28-02-08.pdf","232541","0.22"
"standing-committee\Duplicate Review\28-03-06.pdf","28-03-06.pdf","323677","0.31"
"standing-committee\Duplicate Review\28-05-08.pdf","28-05-08.pdf","93202","0.09"
"standing-committee\Duplicate Review\28-06-06.pdf","28-06-06.pdf","212761","0.2"
"standing-committee\Duplicate Review\28-08-06.pdf","28-08-06.pdf","223812","0.21"
"standing-committee\Duplicate Review\29-06-05.pdf","29-06-05.pdf","231266","0.22"
"standing-committee\Duplicate Review\29-11-05.pdf","29-11-05.pdf","176657","0.17"
"standing-committee\Duplicate Review\30-04-08.pdf","30-04-08.pdf","139455","0.13"
"standing-committee\Duplicate Review\30-07-08.pdf","30-07-08.pdf","110053","0.1"
"standing-committee\Duplicate Review\31-03-06.pdf","31-03-06.pdf","332545","0.32"
"standing-committee\Duplicate Review\31-03-08.pdf","31-03-08.pdf","258973","0.25"
"standing-committee\Duplicate Review\31-05-05.pdf","31-05-05.pdf","187633","0.18"
"standing-committee\Duplicate Review\31-07-TKB-07-08-07.pdf","31-07-TKB-07-08-07.pdf","241435","0.23"
"standing-committee\Duplicate Review\31-08-05.pdf","31-08-05.pdf","260827","0.25"
"standing-committee\Duplicate Review\31-12-07.pdf","31-12-07.pdf","302360","0.29"
"standing-committee\Duplicate Review\a10-01-06.pdf","a10-01-06.pdf","204593","0.2"
"standing-committee\Duplicate Review\b10-01-06.pdf","b10-01-06.pdf","69555","0.07"
"standing-committee\Needs Review\03-10-03_to_30-1-04.pdf","03-10-03_to_30-1-04.pdf","919587","0.88"
"standing-committee\Needs Review\03-12-99_to_13-3-2000.pdf","03-12-99_to_13-3-2000.pdf","1464378","1.4"
"standing-committee\Needs Review\04-06-2001_to_30-01-2002.pdf","04-06-2001_to_30-01-2002.pdf","1501600","1.43"
"standing-committee\Needs Review\05-04-02_to_28-02-03.pdf","05-04-02_to_28-02-03.pdf","1457347","1.39"
"standing-committee\Needs Review\05-11-90_to_30-03-91.pdf","05-11-90_to_30-03-91.pdf","1802553","1.72"
"standing-committee\Needs Review\06-03-07.pdf","06-03-07.pdf","39729","0.04"
"standing-committee\Needs Review\06-12-91_to_04-03-92.pdf","06-12-91_to_04-03-92.pdf","925464","0.88"
"standing-committee\Needs Review\07-12-98_to_24-03-99.pdf","07-12-98_to_24-03-99.pdf","2184894","2.08"
"standing-committee\Needs Review\09-10-96_to_07-01-97.pdf","09-10-96_to_07-01-97.pdf","1892105","1.8"
"standing-committee\Needs Review\09-11-89_to_30-03-90.pdf","09-11-89_to_30-03-90.pdf","1789663","1.71"
"standing-committee\Needs Review\09-11-92_to_11-02-93.pdf","09-11-92_to_11-02-93.pdf","872766","0.83"
"standing-committee\Needs Review\12-01-07.pdf","12-01-07.pdf","242616","0.23"
"standing-committee\Needs Review\15-_16_03_15_KP.pdf","15-_16_03_15_KP.pdf","110710","0.11"
"standing-committee\Needs Review\16-03-06.pdf","16-03-06.pdf","121382","0.12"
"standing-committee\Needs Review\16-10-97_to_30-3-98.pdf","16-10-97_to_30-3-98.pdf","1726997","1.65"
"standing-committee\Needs Review\17-03-06.pdf","17-03-06.pdf","209705","0.2"
"standing-committee\Needs Review\22-05-00_to_31-03-01.pdf","22-05-00_to_31-03-01.pdf","1553515","1.48"
"standing-committee\Needs Review\24-11-88_to_18-1-89.pdf","24-11-88_to_18-1-89.pdf","977281","0.93"
"standing-committee\Needs Review\Project_Manager-Jahirat.pdf","Project_Manager-Jahirat.pdf","1423860","1.36"
"standing-committee\Needs Review\ShreeGaneshUtsav2026.pdf","ShreeGaneshUtsav2026.pdf","9513364","9.07"
"standing-committee\Needs Review\Street_Vendors_Election_Suchana.pdf","Street_Vendors_Election_Suchana.pdf","878041","0.84"
