"RelativePath","SizeMB"
"documents\FAQ_SevenStar.pdf","0.06"
"documents\Guildelines_For_Disaster.pdf","0.72"
"documents\budget\2025-26\Budget book 2025-2026.pdf","25.96"
"documents\budget\2026-27\Budget Book  2026-27 PDF.pdf","17.11"
"documents\budget\archive\Budget--21-22_Final.pdf","1.9"
"documents\budget\archive\BUDGET-PDF_2023-2024_.pdf","5.47"
"documents\budget\archive\Budget_18-19.pdf","11.62"
"documents\budget\archive\Budget_2012-2013__.pdf","3.49"
"documents\budget\archive\Budget_2013-14__.pdf","2.99"
"documents\budget\archive\BUDGET_2014-15.pdf","3.95"
"documents\budget\archive\Budget_2020-21.pdf","2.01"
"documents\budget\archive\budget_Book_2022_FINAL__web_2_compressed.pdf","29.63"
"documents\budget\archive\Budget_Jama-15-16__1.pdf","0.3"
"documents\budget\archive\Budget_Jama_karch_2015-16.pdf","4.93"
"documents\budget\archive\submitted_to_SC_budget_16-17.pdf","6.66"
"documents\Chief Accounts Officer\B-1_Date_Wise_list_Contractor.pdf","0.23"
"documents\Chief Accounts Officer\july-aug_2018_account_deparment_rtgs.pdf","0.12"
"documents\Chief Accounts Officer\Paid_Amt__of_Contractor_Apr-16_To_Jan-17.pdf","0.11"
"documents\Chief Accounts Officer\Paid_Amt__of_Contractor_Jun_2018.pdf","7.74"
"documents\Chief Accounts Officer\Paid_Amt__of_Contractor_OCT_2018_PDF.pdf","0.27"
"documents\Election Insights\AMC Election 2020\AMC_Map_2020_compressed.pdf","2.71"
"documents\Election Insights\AMC Election 2020\Anaxture_10_Final.pdf","1.03"
"documents\Election Insights\AMC Election 2020\Anaxture_11_Final.pdf","1.12"
"documents\Election Insights\AMC Election 2020\Anaxture_3.pdf","0.11"
"documents\Election Insights\AMC Election 2020\Anaxture_4.pdf","0.11"
"documents\Election Insights\AMC Election 2020\Anaxture_5.pdf","0.03"
"documents\Election Insights\AMC Election 2020\Anaxture_6.pdf","0.03"
"documents\Election Insights\AMC Election 2020\Anaxture_71.pdf","0.07"
"documents\Election Insights\AMC Election 2020\Anaxture_9_Final.pdf","1.02"
"documents\Election Insights\AMC Election 2020\Annexure-2.pdf","1.87"
"documents\Election Insights\AMC Election 2020\Annexure-2A.pdf","2.04"
"documents\Election Insights\AMC Election 2020\final_atch_wise_pdf.pdf","3.71"
"documents\Election Insights\AMC Election 2020\Final_Gazzate-24-02-20.pdf","1.21"
"documents\Election Insights\AMC Election 2020\vyapti_2.pdf","0.84"
"documents\Election Insights\AMC Election 2022\Adhisuchna_English_DT_20_07_2022.pdf","0.63"
"documents\Election Insights\AMC Election 2022\Adhisuchna_Marathi_DT_20_07_2022.pdf","0.85"
"documents\Election Insights\AMC Election 2022\Annexure-2_English_PDF_Web1.pdf","1.72"
"documents\Election Insights\AMC Election 2022\Annexure-2_Marathi_PDF_Web1.pdf","1.52"
"documents\Election Insights\AMC Election 2022\Aurangabad_Print_Sin_MAP_compressed.pdf","3.8"
"documents\Election Insights\AMC Election 2022\JAHIR_SUCHNA.pdf","0.18"
"documents\Election Insights\AMC Election 2022\MAP_DT_20_07_2022.pdf","0.21"
"documents\Election Insights\AMC Election 2022\SAHAPATRA-011.pdf","0.69"
"documents\Election Insights\Draft Voter List 2020\DraftList_Ward_1.pdf","2.48"
"documents\Election Insights\Draft Voter List 2020\DraftList_Ward_10.pdf","2.15"
"documents\Election Insights\Draft Voter List 2020\DraftList_Ward_100.pdf","1.8"
"documents\Election Insights\Draft Voter List 2020\DraftList_Ward_101.pdf","2.39"
"documents\Election Insights\Draft Voter List 2020\DraftList_Ward_102.pdf","2.64"
"documents\Election Insights\Draft Voter List 2020\DraftList_Ward_103.pdf","1.26"
"documents\Election Insights\Draft Voter List 2020\DraftList_Ward_104.pdf","2.01"
"documents\Election Insights\Draft Voter List 2020\DraftList_Ward_105.pdf","1.59"
"documents\Election Insights\Draft Voter List 2020\DraftList_Ward_106.pdf","1.74"
"documents\Election Insights\Draft Voter List 2020\DraftList_Ward_107.pdf","1.53"
"documents\Election Insights\Draft Voter List 2020\DraftList_Ward_108.pdf","2.23"
"documents\Election Insights\Draft Voter List 2020\DraftList_Ward_109.pdf","1.76"
"documents\Election Insights\Draft Voter List 2020\DraftList_Ward_11.pdf","2.02"
"documents\Election Insights\Draft Voter List 2020\DraftList_Ward_110.pdf","2.22"
"documents\Election Insights\Draft Voter List 2020\DraftList_Ward_111.pdf","2.56"
"documents\Election Insights\Draft Voter List 2020\DraftList_Ward_112.pdf","1.57"
"documents\Election Insights\Draft Voter List 2020\DraftList_Ward_113.pdf","2.57"
"documents\Election Insights\Draft Voter List 2020\DraftList_Ward_114.pdf","2.09"
"documents\Election Insights\Draft Voter List 2020\DraftList_Ward_115.pdf","2.18"
"documents\Election Insights\Draft Voter List 2020\DraftList_Ward_12.pdf","2.97"
"documents\Election Insights\Draft Voter List 2020\DraftList_Ward_14.pdf","2.25"
"documents\Election Insights\Draft Voter List 2020\DraftList_Ward_15.pdf","1.95"
"documents\Election Insights\Draft Voter List 2020\DraftList_Ward_16.pdf","1.99"
"documents\Election Insights\Draft Voter List 2020\DraftList_Ward_17.pdf","2.43"
"documents\Election Insights\Draft Voter List 2020\DraftList_Ward_18.pdf","1.19"
"documents\Election Insights\Draft Voter List 2020\DraftList_Ward_19.pdf","1.48"
"documents\Election Insights\Draft Voter List 2020\DraftList_Ward_2.pdf","2.03"
"documents\Election Insights\Draft Voter List 2020\DraftList_Ward_20.pdf","2.24"
"documents\Election Insights\Draft Voter List 2020\DraftList_Ward_21.pdf","2"
"documents\Election Insights\Draft Voter List 2020\DraftList_Ward_22.pdf","2.24"
"documents\Election Insights\Draft Voter List 2020\DraftList_Ward_23.pdf","2.67"
"documents\Election Insights\Draft Voter List 2020\DraftList_Ward_24.pdf","2.2"
"documents\Election Insights\Draft Voter List 2020\DraftList_Ward_25.pdf","1.96"
"documents\Election Insights\Draft Voter List 2020\DraftList_Ward_26.pdf","2.45"
"documents\Election Insights\Draft Voter List 2020\DraftList_Ward_27.pdf","2.36"
"documents\Election Insights\Draft Voter List 2020\DraftList_Ward_29.pdf","2.42"
"documents\Election Insights\Draft Voter List 2020\DraftList_Ward_3.pdf","2.28"
"documents\Election Insights\Draft Voter List 2020\DraftList_Ward_30.pdf","1.86"
"documents\Election Insights\Draft Voter List 2020\DraftList_Ward_31.pdf","2.23"
"documents\Election Insights\Draft Voter List 2020\DraftList_Ward_32.pdf","3.77"
"documents\Election Insights\Draft Voter List 2020\DraftList_Ward_33.pdf","2.47"
"documents\Election Insights\Draft Voter List 2020\DraftList_Ward_34.pdf","2.3"
"documents\Election Insights\Draft Voter List 2020\DraftList_Ward_35.pdf","2.65"
"documents\Election Insights\Draft Voter List 2020\DraftList_Ward_36.pdf","2.54"
"documents\Election Insights\Draft Voter List 2020\DraftList_Ward_37.pdf","2.64"
"documents\Election Insights\Draft Voter List 2020\DraftList_Ward_38.pdf","2.16"
"documents\Election Insights\Draft Voter List 2020\DraftList_Ward_39.pdf","2.06"
"documents\Election Insights\Draft Voter List 2020\DraftList_Ward_4.pdf","1.02"
"documents\Election Insights\Draft Voter List 2020\DraftList_Ward_40.pdf","2.06"
"documents\Election Insights\Draft Voter List 2020\DraftList_Ward_41.pdf","1.9"
"documents\Election Insights\Draft Voter List 2020\DraftList_Ward_42.pdf","2.13"
"documents\Election Insights\Draft Voter List 2020\DraftList_Ward_43.pdf","2.18"
"documents\Election Insights\Draft Voter List 2020\DraftList_Ward_44.pdf","2.65"
"documents\Election Insights\Draft Voter List 2020\DraftList_Ward_45.pdf","1.86"
"documents\Election Insights\Draft Voter List 2020\DraftList_Ward_46.pdf","2.77"
"documents\Election Insights\Draft Voter List 2020\DraftList_Ward_47.pdf","3.12"
"documents\Election Insights\Draft Voter List 2020\DraftList_Ward_48.pdf","2.03"
"documents\Election Insights\Draft Voter List 2020\DraftList_Ward_49.pdf","2.8"
"documents\Election Insights\Draft Voter List 2020\DraftList_Ward_5.pdf","2.21"
"documents\Election Insights\Draft Voter List 2020\DraftList_Ward_50.pdf","1.97"
"documents\Election Insights\Draft Voter List 2020\DraftList_Ward_51.pdf","1.74"
"documents\Election Insights\Draft Voter List 2020\DraftList_Ward_52.pdf","2.25"
"documents\Election Insights\Draft Voter List 2020\DraftList_Ward_53.pdf","1.91"
"documents\Election Insights\Draft Voter List 2020\DraftList_Ward_54.pdf","1.84"
"documents\Election Insights\Draft Voter List 2020\DraftList_Ward_55.pdf","2.36"
"documents\Election Insights\Draft Voter List 2020\DraftList_Ward_56.pdf","2.46"
"documents\Election Insights\Draft Voter List 2020\DraftList_Ward_57.pdf","2.93"
"documents\Election Insights\Draft Voter List 2020\DraftList_Ward_58.pdf","1.59"
"documents\Election Insights\Draft Voter List 2020\DraftList_Ward_59.pdf","2.03"
"documents\Election Insights\Draft Voter List 2020\DraftList_Ward_6.pdf","2.95"
"documents\Election Insights\Draft Voter List 2020\DraftList_Ward_60.pdf","3.08"
"documents\Election Insights\Draft Voter List 2020\DraftList_Ward_61.pdf","2.31"
"documents\Election Insights\Draft Voter List 2020\DraftList_Ward_62.pdf","2.53"
"documents\Election Insights\Draft Voter List 2020\DraftList_Ward_63.pdf","2.16"
"documents\Election Insights\Draft Voter List 2020\DraftList_Ward_64.pdf","2.39"
"documents\Election Insights\Draft Voter List 2020\DraftList_Ward_65.pdf","1.97"
"documents\Election Insights\Draft Voter List 2020\DraftList_Ward_66.pdf","2.03"
"documents\Election Insights\Draft Voter List 2020\DraftList_Ward_67.pdf","1.49"
"documents\Election Insights\Draft Voter List 2020\DraftList_Ward_68.pdf","2.37"
"documents\Election Insights\Draft Voter List 2020\DraftList_Ward_69.pdf","2.86"
"documents\Election Insights\Draft Voter List 2020\DraftList_Ward_7.pdf","2.54"
"documents\Election Insights\Draft Voter List 2020\DraftList_Ward_70.pdf","1.84"
"documents\Election Insights\Draft Voter List 2020\DraftList_Ward_71.pdf","2.52"
"documents\Election Insights\Draft Voter List 2020\DraftList_Ward_72.pdf","2.72"
"documents\Election Insights\Draft Voter List 2020\DraftList_Ward_73.pdf","2.17"
"documents\Election Insights\Draft Voter List 2020\DraftList_Ward_74.pdf","2.21"
"documents\Election Insights\Draft Voter List 2020\DraftList_Ward_75.pdf","1.83"
"documents\Election Insights\Draft Voter List 2020\DraftList_Ward_76.pdf","2.57"
"documents\Election Insights\Draft Voter List 2020\DraftList_Ward_77.pdf","2.65"
"documents\Election Insights\Draft Voter List 2020\DraftList_Ward_78.pdf","1.73"
"documents\Election Insights\Draft Voter List 2020\DraftList_Ward_79.pdf","1.88"
"documents\Election Insights\Draft Voter List 2020\DraftList_Ward_8.pdf","1.49"
"documents\Election Insights\Draft Voter List 2020\DraftList_Ward_80.pdf","2.12"
"documents\Election Insights\Draft Voter List 2020\DraftList_Ward_81.pdf","1.67"
"documents\Election Insights\Draft Voter List 2020\DraftList_Ward_82.pdf","2.72"
"documents\Election Insights\Draft Voter List 2020\DraftList_Ward_83.pdf","2.21"
"documents\Election Insights\Draft Voter List 2020\DraftList_Ward_84.pdf","1.62"
"documents\Election Insights\Draft Voter List 2020\DraftList_Ward_85.pdf","2.04"
"documents\Election Insights\Draft Voter List 2020\DraftList_Ward_86.pdf","1.7"
"documents\Election Insights\Draft Voter List 2020\DraftList_Ward_87.pdf","1.94"
"documents\Election Insights\Draft Voter List 2020\DraftList_Ward_88.pdf","2.49"
"documents\Election Insights\Draft Voter List 2020\DraftList_Ward_89.pdf","1.99"
"documents\Election Insights\Draft Voter List 2020\DraftList_Ward_9.pdf","0.91"
"documents\Election Insights\Draft Voter List 2020\DraftList_Ward_90.pdf","2.91"
"documents\Election Insights\Draft Voter List 2020\DraftList_Ward_91.pdf","2.85"
"documents\Election Insights\Draft Voter List 2020\DraftList_Ward_92.pdf","2.32"
"documents\Election Insights\Draft Voter List 2020\DraftList_Ward_93.pdf","1.23"
"documents\Election Insights\Draft Voter List 2020\DraftList_Ward_94.pdf","2.28"
"documents\Election Insights\Draft Voter List 2020\DraftList_Ward_95.pdf","1.25"
"documents\Election Insights\Draft Voter List 2020\DraftList_Ward_96.pdf","1.91"
"documents\Election Insights\Draft Voter List 2020\DraftList_Ward_97.pdf","2.2"
"documents\Election Insights\Draft Voter List 2020\DraftList_Ward_98.pdf","2.08"
"documents\Election Insights\Draft Voter List 2020\DraftList_Ward_99.pdf","1.54"
"documents\Election Insights\Election 2019\chinies_deligation1.pdf","0.06"
"documents\Election Insights\Election 2019\Copy_of_All_Sections-1.xls","0.1"
"documents\Election Insights\Election 2019\Election_2014.pdf","0.01"
"documents\Election Insights\Election 2019\Election_dt_10_07_2015.pdf","0.14"
"documents\Election Insights\Election 2019\Election_empl_list_(Ward-B).xls","0.02"
"documents\Election Insights\Election 2019\Election_Format_(Ward-B_Engineers).doc","0.26"
"documents\List of Completed Works\List_of_Completed_Work_by_Zone_5_Drainage_Ghuge_Constraction.pdf","4.54"
"documents\List of Completed Works\List_of_Completed_Work_by_Zone_5_Drainage_Sai_Constraction.pdf","11.15"
"documents\List of Completed Works\List_of_Completed_Work_by_Zone_9_29_06_2017.pdf","2.27"
"documents\List of Completed Works\List_of_Completed_Work_in_Zone_6_17_06_2017.pdf","1.03"
"documents\List of Completed Works\List_of_Completed_Work_in_Zone_6_17_06_20171.pdf","1.03"
"documents\List of Completed Works\List_of_Work_Done_Zone_6_20_06_2017.pdf","0.11"
"documents\List of Completed Works\Ward_No__36_Naregaon.pdf","10.62"
"documents\List of Completed Works\Zone_04_20_06_2017.pdf","0.42"
"documents\List of Completed Works\Zone_06_Road_Works.pdf","10.98"
"documents\List of Completed Works\Zone_6_Works.pdf","1.35"
"documents\List of Completed Works\Zone_9_Road_Works_16_05_2017.pdf","8.02"
"documents\List of Municipal Corporation Secretaries\Municipal_Corporation_Secretary_List_2026.pdf","0.56"
"documents\Municipal Document Repository\Administration and Establishment Department\Administration\Accountant.pdf","0.06"
"documents\Municipal Document Repository\Administration and Establishment Department\Administration\Asst__Commissioner.pdf","0.14"
"documents\Municipal Document Repository\Administration and Establishment Department\Administration\Asst__Program_Officer.pdf","0.06"
"documents\Municipal Document Repository\Administration and Establishment Department\Administration\Asst__Sports_Officer.pdf","0.06"
"documents\Municipal Document Repository\Administration and Establishment Department\Administration\Auditor.pdf","0.05"
"documents\Municipal Document Repository\Administration and Establishment Department\Administration\Chief_Garden_Officer.pdf","0.06"
"documents\Municipal Document Repository\Administration and Establishment Department\Administration\Computer_Operator.pdf","0.06"
"documents\Municipal Document Repository\Administration and Establishment Department\Administration\Computer_Programmer.pdf","0.06"
"documents\Municipal Document Repository\Administration and Establishment Department\Administration\Curetor.pdf","0.06"
"documents\Municipal Document Repository\Administration and Establishment Department\Administration\Driver.pdf","0.25"
"documents\Municipal Document Repository\Administration and Establishment Department\Administration\Dy_Commissioner.pdf","0.08"
"documents\Municipal Document Repository\Administration and Establishment Department\Administration\Garden_Assistant.pdf","0.06"
"documents\Municipal Document Repository\Administration and Establishment Department\Administration\Junior_Auditor.pdf","0.07"
"documents\Municipal Document Repository\Administration and Establishment Department\Administration\Librarian.pdf","0.06"
"documents\Municipal Document Repository\Administration and Establishment Department\Administration\Lipik_Tanklekhak.pdf","5.16"
"documents\Municipal Document Repository\Administration and Establishment Department\Administration\P_R_O.pdf","0.06"
"documents\Municipal Document Repository\Administration and Establishment Department\Administration\Sanitation_Inspector.pdf","0.11"
"documents\Municipal Document Repository\Administration and Establishment Department\Administration\Sanitation_Officer.pdf","0.07"
"documents\Municipal Document Repository\Administration and Establishment Department\Administration\Stenographer.pdf","0.06"
"documents\Municipal Document Repository\Administration and Establishment Department\Administration\Suprintendent (1).pdf","0.24"
"documents\Municipal Document Repository\Administration and Establishment Department\Administration\Suprintendent.pdf","0.24"
"documents\Municipal Document Repository\Administration and Establishment Department\Administration\Telephone_Opretor.pdf","0.07"
"documents\Municipal Document Repository\Administration and Establishment Department\Administration\Vistar_Adhikari_(Education).pdf","0.07"
"documents\Municipal Document Repository\Administration and Establishment Department\Fire\Dy_Fire_Officer.pdf","0.07"
"documents\Municipal Document Repository\Administration and Establishment Department\Fire\Fireman.pdf","0.08"
"documents\Municipal Document Repository\Administration and Establishment Department\Fire\Leading_Fireman.pdf","0.16"
"documents\Municipal Document Repository\Administration and Establishment Department\General Administration Documents\06_Santion_Roster_1.pdf","4.53"
"documents\Municipal Document Repository\Administration and Establishment Department\General Administration Documents\06_Santion_Roster_2.pdf","3.4"
"documents\Municipal Document Repository\Administration and Establishment Department\General Administration Documents\07_Anukampa_Orders_compressed_(1).pdf","2.87"
"documents\Municipal Document Repository\Administration and Establishment Department\General Administration Documents\4_Nomination_Promotion_Post_Details_1-1-2026.pdf","0.12"
"documents\Municipal Document Repository\Administration and Establishment Department\General Administration Documents\Aakrutiband_15_02_2021.pdf","0.85"
"documents\Municipal Document Repository\Administration and Establishment Department\General Administration Documents\Akrutibandh_Dt__23-7-2021.pdf","0.13"
"documents\Municipal Document Repository\Administration and Establishment Department\General Administration Documents\Gazette_August_2026.pdf","0.12"
"documents\Municipal Document Repository\Administration and Establishment Department\General Administration Documents\Possessing_the_qualifications_for_a_Group_C_post_for_th.pdf","0.3"
"documents\Municipal Document Repository\Administration and Establishment Department\General Administration Documents\Sevapravesh_Niyam_Dt_15-2-2023.pdf","0.31"
"documents\Municipal Document Repository\Administration and Establishment Department\General Administration Documents\Sevapravesh_Niyam_Dt__26_08_2021.pdf","0.98"
"documents\Municipal Document Repository\Administration and Establishment Department\General Administration Documents\Waiting_list_for_appointment_to_Group-D_posts_on_compas.pdf","0.31"
"documents\Municipal Document Repository\Administration and Establishment Department\Health\Accountatnt_cum_Clerk.pdf","0.06"
"documents\Municipal Document Repository\Administration and Establishment Department\Health\ANM.pdf","0.41"
"documents\Municipal Document Repository\Administration and Establishment Department\Health\Asst_Health_Officer.pdf","0.06"
"documents\Municipal Document Repository\Administration and Establishment Department\Health\Asst__Metron.pdf","0.06"
"documents\Municipal Document Repository\Administration and Establishment Department\Health\Chief_Lab_Technician.pdf","0.06"
"documents\Municipal Document Repository\Administration and Establishment Department\Health\Chief_Pharmacy_Officer.pdf","0.06"
"documents\Municipal Document Repository\Administration and Establishment Department\Health\Darkroom_Asst_.pdf","0.06"
"documents\Municipal Document Repository\Administration and Establishment Department\Health\Food_Safety_Officer.pdf","0.06"
"documents\Municipal Document Repository\Administration and Establishment Department\Health\Health_Officer.pdf","0.12"
"documents\Municipal Document Repository\Administration and Establishment Department\Health\Health_Supervisor.pdf","0.08"
"documents\Municipal Document Repository\Administration and Establishment Department\Health\Laboratory_Asst_.pdf","0.06"
"documents\Municipal Document Repository\Administration and Establishment Department\Health\Lab_Technician.pdf","0.08"
"documents\Municipal Document Repository\Administration and Establishment Department\Health\MPW_SFW.pdf","0.09"
"documents\Municipal Document Repository\Administration and Establishment Department\Health\Pharmacy_Officer.pdf","0.13"
"documents\Municipal Document Repository\Administration and Establishment Department\Health\Sister_Incharge.pdf","0.13"
"documents\Municipal Document Repository\Administration and Establishment Department\Health\Staff_Nurse_(GNM).pdf","0.18"
"documents\Municipal Document Repository\Administration and Establishment Department\Health\Statistical_Officer1.pdf","0.06"
"documents\Municipal Document Repository\Administration and Establishment Department\Health\X-Ray_Technician.pdf","0.06"
"documents\Municipal Document Repository\Administration and Establishment Department\Technical\Assistant_Town_Planner.pdf","0.06"
"documents\Municipal Document Repository\Administration and Establishment Department\Technical\Asst_Coach.pdf","0.05"
"documents\Municipal Document Repository\Administration and Establishment Department\Technical\Asst_Engineer_(Civil).pdf","0.12"
"documents\Municipal Document Repository\Administration and Establishment Department\Technical\Asst_Engineer_(Electricity).pdf","0.07"
"documents\Municipal Document Repository\Administration and Establishment Department\Technical\Civil_Engineering_Assistant.pdf","0.57"
"documents\Municipal Document Repository\Administration and Establishment Department\Technical\Dy__Engineer_(Civil).pdf","0.05"
"documents\Municipal Document Repository\Administration and Establishment Department\Technical\Dy__Engineer_(Electricity).pdf","0.06"
"documents\Municipal Document Repository\Administration and Establishment Department\Technical\Dy__Engineer_(Mechanical).pdf","0.05"
"documents\Municipal Document Repository\Administration and Establishment Department\Technical\Electrical_Supervisor.pdf","0.1"
"documents\Municipal Document Repository\Administration and Establishment Department\Technical\Executive_Engineer_(Civil).pdf","0.09"
"documents\Municipal Document Repository\Administration and Establishment Department\Technical\Executive_Engineer_(Mechanical).pdf","0.06"
"documents\Municipal Document Repository\Administration and Establishment Department\Technical\Jr_Engineer_(Electricity).pdf","0.09"
"documents\Municipal Document Repository\Administration and Establishment Department\Technical\Jr__Engineer_(Civil).pdf","0.31"
"documents\Municipal Document Repository\Administration and Establishment Department\Technical\Jr__Engineer_(Mechanical).pdf","0.1"
"documents\Municipal Document Repository\Administration and Establishment Department\Technical\Mechanic.pdf","0.07"
"documents\Municipal Document Repository\Administration and Establishment Department\Technical\Plant_Operator.pdf","0.07"
"documents\Municipal Document Repository\Administration and Establishment Department\Technical\Plumber-Fitter.pdf","0.1"
"documents\Municipal Document Repository\Administration and Establishment Department\Technical\Tracer.pdf","0.11"
"documents\Municipal Document Repository\Administration and Establishment Department\Zoo\Animal_Husbandry_Devp_Officer.pdf","0.06"
"documents\Municipal Document Repository\Administration and Establishment Department\Zoo\Asst_Animal_Husbandry_Devp_Officer.pdf","0.07"
"documents\Municipal Document Repository\Administration and Establishment Department\Zoo\Livestock_Supervisor.pdf","0.07"
"documents\Municipal Document Repository\Audit\Annual Audit Report of  2024-2025.pdf","14.18"
"documents\Municipal Document Repository\Audit\Annual_Audit_Report_of_2004-2005.pdf","0.31"
"documents\Municipal Document Repository\Audit\Annual_Audit_Report_of_2005-2006.pdf","1.12"
"documents\Municipal Document Repository\Audit\Annual_Audit_Report_of_2006-2007-2007-2008.pdf","1.44"
"documents\Municipal Document Repository\Audit\Annual_Audit_Report_of_2008-2009.pdf","1.26"
"documents\Municipal Document Repository\Audit\annual_audit_report_of_2009-10_2010-11.pdf","1.23"
"documents\Municipal Document Repository\Audit\Annual_Audit_Report_of_2012-13_13-14-1.pdf","2.84"
"documents\Municipal Document Repository\Audit\Annual_Audit_Report_of_2012-13_2013-2014.pdf","3.02"
"documents\Municipal Document Repository\Audit\Annual_Audit_Report_of_2014-2015_2015-2016.pdf","3.11"
"documents\Municipal Document Repository\Audit\Annual_Audit_Report_of_2016-2017_2017-18.pdf","1.88"
"documents\Municipal Document Repository\Audit\Annual_Audit_Report_of_2016-2017_2017-18_Statement.pdf","0.28"
"documents\Municipal Document Repository\Audit\annual_audit_report_of_2018-2019.pdf","1.37"
"documents\Municipal Document Repository\Audit\annual_audit_report_of_2020-2021.pdf","0.59"
"documents\Municipal Document Repository\Audit\annual_audit_report_of_2021-2022.pdf","1.81"
"documents\Municipal Document Repository\Audit\Annual_Audit_Report_of_2022-2023.pdf","4.04"
"documents\Municipal Document Repository\Audit\Annual_Audit_Report_of_2023-2024_new.pdf","2.65"
"documents\Municipal Document Repository\Audit\Copy_of_annual_audit_report_of_2018-2019.pdf","1.37"
"documents\Municipal Document Repository\City Engineer\10_Executive_Engineer_(BOT).pdf","1.49"
"documents\Municipal Document Repository\City Engineer\City_Engineer_Department.pdf","2.29"
"documents\Municipal Document Repository\City Engineer\Executive_Engineer_(Electricity).pdf","2.72"
"documents\Municipal Document Repository\City Engineer\Executive_Engineer_(Roads).pdf","1.1"
"documents\Municipal Document Repository\City Engineer\Executive_Engineer_(_Drainage).pdf","1.18"
"documents\Municipal Document Repository\Drainage\16_th_SLSC_minutes_uidssmt.pdf","7.89"
"documents\Municipal Document Repository\Drainage\4516_161_MLD_STP_9th.pdf","4.02"
"documents\Municipal Document Repository\Drainage\4518_Zalta_STP_9th.pdf","4.98"
"documents\Municipal Document Repository\Drainage\4548_F_Sewer_9th.pdf","2.35"
"documents\Municipal Document Repository\Drainage\4550_10_MLD_STP_Padegaon_9th_1.pdf","3.19"
"documents\Municipal Document Repository\Drainage\4551_35_MLD_SPS_Zalta_9th1.pdf","2.85"
"documents\Municipal Document Repository\Drainage\4552_L_Sewer_9th_1.pdf","2.47"
"documents\Municipal Document Repository\Drainage\4556_D_sewer_9th.pdf","3.13"
"documents\Municipal Document Repository\Drainage\4561_Ward_No_98_9th.pdf","9.49"
"documents\Municipal Document Repository\Drainage\4562_E_Sewer_9th_1.pdf","11.07"
"documents\Municipal Document Repository\Drainage\4562_E_sewer_9th_2.pdf","9.95"
"documents\Municipal Document Repository\Drainage\4569_C_Sewer_9th.pdf","6.21"
"documents\Municipal Document Repository\Drainage\4574_Supply_MB_9th_.pdf","10.96"
"documents\Municipal Document Repository\Drainage\4577_M_Branch_9th_1.pdf","8.87"
"documents\Municipal Document Repository\Drainage\4577_M_Branch_9th_2.pdf","9.88"
"documents\Municipal Document Repository\Drainage\4578_C_Main_Sewer_9th_1.pdf","9.08"
"documents\Municipal Document Repository\Drainage\4578_C_Main_Sewer_9th_2.pdf","10.58"
"documents\Municipal Document Repository\Drainage\4579_DWC_9th_1.pdf","8.38"
"documents\Municipal Document Repository\Drainage\4579_DWC_9th_2.pdf","9.22"
"documents\Municipal Document Repository\Drainage\4583_M_Sewer_9th_.pdf","6.12"
"documents\Municipal Document Repository\Drainage\4584_K_Sewer_9th_1.pdf","7.79"
"documents\Municipal Document Repository\Drainage\4584_K_Sewer_9th_2.pdf","7.84"
"documents\Municipal Document Repository\Drainage\4584_K_Sewer_9th_3.pdf","8.07"
"documents\Municipal Document Repository\Drainage\4586_Branch_SWR_Padampura_9th_1.pdf","7.46"
"documents\Municipal Document Repository\Drainage\4586_Branch_SWR_Padampura_9th_2.pdf","8.06"
"documents\Municipal Document Repository\Drainage\4587_A_Sewer_9th.pdf","6.1"
"documents\Municipal Document Repository\Drainage\4589_Kille_Ark_9th_1.pdf","6.31"
"documents\Municipal Document Repository\Drainage\4589_Kille_Ark_9th_2.pdf","8.32"
"documents\Municipal Document Repository\Drainage\4589_Kille_Ark_9th_3.pdf","12.08"
"documents\Municipal Document Repository\Drainage\4589_Kille_Ark_9th_4.pdf","10.32"
"documents\Municipal Document Repository\Drainage\4589_Kille_Ark_9th_5.pdf","8.68"
"documents\Municipal Document Repository\Drainage\4592_Supply_MB_9th.pdf","1.46"
"documents\Municipal Document Repository\Drainage\4593_C_Branch_9th_1.pdf","8.55"
"documents\Municipal Document Repository\Drainage\4593_C_Branch_9th_2.pdf","8.18"
"documents\Municipal Document Repository\Drainage\4593_C_Branch_9th_3.pdf","8.69"
"documents\Municipal Document Repository\Drainage\4593_C_Branch_9th_4.pdf","8.92"
"documents\Municipal Document Repository\Drainage\4593_C_Branch_9th_5.pdf","6.8"
"documents\Municipal Document Repository\Drainage\4594_SPS_PAdegaon_9th.pdf","2.34"
"documents\Municipal Document Repository\Drainage\4595_SPS_Ward_No_98_9th_.pdf","2.21"
"documents\Municipal Document Repository\Drainage\4596_SPS_Golwadi_9th.pdf","1.91"
"documents\Municipal Document Repository\Drainage\4597_DWC_9th_1.pdf","8.57"
"documents\Municipal Document Repository\Drainage\4597_DWC_9th_2.pdf","7.83"
"documents\Municipal Document Repository\Drainage\4597_DWC_9th_3.pdf","8.05"
"documents\Municipal Document Repository\Drainage\4597_DWC_9th_4.pdf","7.83"
"documents\Municipal Document Repository\Drainage\4597_DWC_9th_5.pdf","6.87"
"documents\Municipal Document Repository\Drainage\4598_B_Sewer_Main_9th_1.pdf","9.04"
"documents\Municipal Document Repository\Drainage\4598_B_Sewer_MAin_9th_2.pdf","8.38"
"documents\Municipal Document Repository\Drainage\4598_B_Sewer_Nain_9th_3.pdf","10.32"
"documents\Municipal Document Repository\Drainage\4599_Pipe_Laying_9th_1.pdf","8.5"
"documents\Municipal Document Repository\Drainage\4599_Pipe_Laying_9th_2.pdf","8.39"
"documents\Municipal Document Repository\Drainage\4599_Pipe_Laying_9th_4.pdf","8.46"
"documents\Municipal Document Repository\Drainage\4599_Pipe_Laying_9th_5.pdf","7.08"
"documents\Municipal Document Repository\Drainage\4600_Branch___Jyotinagar_9th_2.pdf","9.22"
"documents\Municipal Document Repository\Drainage\4600__Branch___Jyotinagar_9th_1.pdf","7.33"
"documents\Municipal Document Repository\Drainage\4601_Pipe_Laying_9th_1.pdf","8.72"
"documents\Municipal Document Repository\Drainage\4601_Pipe_Laying_9th_2.pdf","8.58"
"documents\Municipal Document Repository\Drainage\4601_Pipe_Laying_9th_3.pdf","8.31"
"documents\Municipal Document Repository\Drainage\4601_Pipe_Laying_9th_4.pdf","8.9"
"documents\Municipal Document Repository\Drainage\4601_Pipe_Laying_9th_51.pdf","7.23"
"documents\Municipal Document Repository\Drainage\4602_SW_Pipe_9th_1.pdf","8.51"
"documents\Municipal Document Repository\Drainage\4602_SW_Pipe_9th_2.pdf","7.89"
"documents\Municipal Document Repository\Drainage\4602_SW_Pipe_9th_3.pdf","8.12"
"documents\Municipal Document Repository\Drainage\4602_SW_Pipe_9th_4.pdf","8.06"
"documents\Municipal Document Repository\Drainage\4602_SW_Pipe_9th_5.pdf","7.8"
"documents\Municipal Document Repository\Drainage\4603_Kakanwadi_9th_.pdf","2.83"
"documents\Municipal Document Repository\Drainage\4604_M_Branch_9th_1.pdf","7.77"
"documents\Municipal Document Repository\Drainage\4604_M_Branch_9th_2.pdf","7.84"
"documents\Municipal Document Repository\Drainage\4604_M_Branch_9th_3.pdf","8.33"
"documents\Municipal Document Repository\Drainage\4604_M_Branch_9th_4.pdf","8.61"
"documents\Municipal Document Repository\Drainage\4604_M_Branch_9th_5.pdf","7.03"
"documents\Municipal Document Repository\Drainage\4605_Dnyaynagar_9th_22.pdf","8.93"
"documents\Municipal Document Repository\Drainage\4605__Dnyaynagar_9th_1.pdf","5.94"
"documents\Municipal Document Repository\Drainage\4606_D_Sewer_9th_1.pdf","8.63"
"documents\Municipal Document Repository\Drainage\4606_D_Sewer_9th_2.pdf","7.56"
"documents\Municipal Document Repository\Drainage\4606_D_Sewer_9th_3.pdf","6.42"
"documents\Municipal Document Repository\Drainage\4607_Sanjay_Nagar_9th_1.pdf","7.47"
"documents\Municipal Document Repository\Drainage\4607_Sanjay_Nagar_9th_2.pdf","7.47"
"documents\Municipal Document Repository\Drainage\4607_Sanjay_Nagar_9th_3.pdf","7.14"
"documents\Municipal Document Repository\Drainage\4607_Sanjay_Nagar_9th_4.pdf","7.79"
"documents\Municipal Document Repository\Drainage\4607_Sanjay_Nagar_9th_5.pdf","7.74"
"documents\Municipal Document Repository\Drainage\4608_DWC_9th_1.pdf","11.59"
"documents\Municipal Document Repository\Drainage\4608_DWC_9th_2.pdf","11.95"
"documents\Municipal Document Repository\Drainage\4608_DWC_9th_3.pdf","12.11"
"documents\Municipal Document Repository\Drainage\4608_DWC_9th_4.pdf","10.97"
"documents\Municipal Document Repository\Drainage\4608_DWC_9th_5.pdf","10.96"
"documents\Municipal Document Repository\Drainage\4608_DWC_9th_6.pdf","8.37"
"documents\Municipal Document Repository\Drainage\4609_K_Sewer_9th_1.pdf","8.16"
"documents\Municipal Document Repository\Drainage\4609_K_Sewer_9th_2.pdf","8.16"
"documents\Municipal Document Repository\Drainage\4609_K_Sewer_9th_3.pdf","11.91"
"documents\Municipal Document Repository\Drainage\4609_K_Sewer_9th_4.pdf","6.62"
"documents\Municipal Document Repository\Drainage\4609_K_Sewer_9th_6.pdf","8.61"
"documents\Municipal Document Repository\Drainage\4610_Pipe_LAying_9th_1.pdf","8.64"
"documents\Municipal Document Repository\Drainage\4610_Pipe_Laying_9th_2.pdf","8.5"
"documents\Municipal Document Repository\Drainage\4610_Pipe_Laying_9th_3.pdf","8.35"
"documents\Municipal Document Repository\Drainage\4610_Pipe_Laying_9th_4.pdf","8.64"
"documents\Municipal Document Repository\Drainage\4610_Pipe_Laying_9th_5.pdf","6.89"
"documents\Municipal Document Repository\Drainage\4617_Master_MB_-1_to_37.pdf","8.17"
"documents\Municipal Document Repository\Drainage\At_Salim_Ali_STP_-4593_197_-199.pdf","1.3"
"documents\Municipal Document Repository\Drainage\central_and_state_govt_funding_letter_uidssmt.pdf","0.98"
"documents\Municipal Document Repository\Drainage\central_goverment_scheme_sanction_letter.pdf","1.77"
"documents\Municipal Document Repository\Drainage\Drawings_-013-018.pdf","4.07"
"documents\Municipal Document Repository\Drainage\Drawings_-_007-009.pdf","12.91"
"documents\Municipal Document Repository\Drainage\Drawings_-_010-012.pdf","9.73"
"documents\Municipal Document Repository\Drainage\Drawings_001-006.pdf","4.83"
"documents\Municipal Document Repository\Drainage\iit_mumbai_third_party_report.pdf","9.82"
"documents\Municipal Document Repository\Drainage\Kanchanwadi_STP_MB_10_RA_(4516).pdf","4.26"
"documents\Municipal Document Repository\Drainage\khilari_agreement.pdf","2.5"
"documents\Municipal Document Repository\Drainage\master_mb_-4591_120_-199_1.pdf","4.35"
"documents\Municipal Document Repository\Drainage\master_mb_-4591_120_-199_2.pdf","4.25"
"documents\Municipal Document Repository\Drainage\master_mb_-4591_120_-199_3.pdf","4.38"
"documents\Municipal Document Repository\Drainage\master_mb_-4591_120_-199_4.pdf","4.53"
"documents\Municipal Document Repository\Drainage\Master_MB_10_RA_(4591).pdf","0.52"
"documents\Municipal Document Repository\Drainage\MJP_SANCTION_FINAL.pdf","1.16"
"documents\Municipal Document Repository\Drainage\Padegaon_STP_MB_10_RA_(4550).pdf","1.81"
"documents\Municipal Document Repository\Drainage\Photoes_1st_RA.pdf","4.9"
"documents\Municipal Document Repository\Drainage\Photoes_2nd_RA.pdf","9.31"
"documents\Municipal Document Repository\Drainage\Photoes_3st_RA_Page_001-060.pdf","9.19"
"documents\Municipal Document Repository\Drainage\Photoes_3st_RA_Page_061-153.pdf","10.47"
"documents\Municipal Document Repository\Drainage\Photoes_4th_RA_Page_001-150.pdf","11.27"
"documents\Municipal Document Repository\Drainage\Photoes_4th_RA_Page_151-245.pdf","6.27"
"documents\Municipal Document Repository\Drainage\Photoes_5th_RA_Page_001-100.pdf","9.1"
"documents\Municipal Document Repository\Drainage\Photoes_5th_RA_Page_101-200.pdf","5.56"
"documents\Municipal Document Repository\Drainage\Photoes_5th_RA_Page_201-337.pdf","12.78"
"documents\Municipal Document Repository\Drainage\Photoes_6th_RA_Page_001-100.pdf","10.11"
"documents\Municipal Document Repository\Drainage\Photoes_6th_RA_Page_101-200.pdf","3.23"
"documents\Municipal Document Repository\Drainage\Photoes_6th_RA_Page_201-277.pdf","11.59"
"documents\Municipal Document Repository\Drainage\Pipe_Supply_MB_-4592_005_-024.pdf","4.12"
"documents\Municipal Document Repository\Drainage\road_-4616_001_-069_1.pdf","5.55"
"documents\Municipal Document Repository\Drainage\road_-4616_001_-069_2.pdf","5.46"
"documents\Municipal Document Repository\Drainage\road_-4616_001_-069_3.pdf","4.37"
"documents\Municipal Document Repository\Drainage\road_-4616_070_-186_1.pdf","3.46"
"documents\Municipal Document Repository\Drainage\road_-4616_070_-186_2.pdf","3.71"
"documents\Municipal Document Repository\Drainage\road_-4616_070_-186_3.pdf","3.78"
"documents\Municipal Document Repository\Drainage\road_-4616_070_-186_4.pdf","4.32"
"documents\Municipal Document Repository\Drainage\road_-4616_070_-186_5.pdf","3.95"
"documents\Municipal Document Repository\Drainage\road_-4616_070_-186_7.pdf","5.16"
"documents\Municipal Document Repository\Drainage\sewer_a_-4587_060_-157_1.pdf","6.14"
"documents\Municipal Document Repository\Drainage\sewer_a_-4587_060_-157_11.pdf","6.14"
"documents\Municipal Document Repository\Drainage\sewer_a_-4587_060_-157_2.pdf","6.03"
"documents\Municipal Document Repository\Drainage\sewer_a_-4587_060_-157_21.pdf","6.03"
"documents\Municipal Document Repository\Drainage\sewer_a_-4587_060_-157_3.pdf","6.56"
"documents\Municipal Document Repository\Drainage\sewer_a_-4587_060_-157_4.pdf","5.64"
"documents\Municipal Document Repository\Drainage\sewer_b_-4598_133_-186_1.pdf","6.2"
"documents\Municipal Document Repository\Drainage\sewer_b_-4598_133_-186_2.pdf","4.66"
"documents\Municipal Document Repository\Drainage\sewer_b_-4598_133_-186_3.pdf","4.39"
"documents\Municipal Document Repository\Drainage\sewer_c_-4578_130_-199_4611_001_-157_1.pdf","4.05"
"documents\Municipal Document Repository\Drainage\sewer_c_-4578_130_-199_4611_001_-157_10.pdf","4.28"
"documents\Municipal Document Repository\Drainage\sewer_c_-4578_130_-199_4611_001_-157_11.pdf","4.31"
"documents\Municipal Document Repository\Drainage\sewer_c_-4578_130_-199_4611_001_-157_12.pdf","4.71"
"documents\Municipal Document Repository\Drainage\sewer_c_-4578_130_-199_4611_001_-157_13.pdf","8.63"
"documents\Municipal Document Repository\Drainage\sewer_c_-4578_130_-199_4611_001_-157_2.pdf","4.44"
"documents\Municipal Document Repository\Drainage\sewer_c_-4578_130_-199_4611_001_-157_3 (1).pdf","4.5"
"documents\Municipal Document Repository\Drainage\sewer_c_-4578_130_-199_4611_001_-157_3.pdf","4.5"
"documents\Municipal Document Repository\Drainage\sewer_c_-4578_130_-199_4611_001_-157_4.pdf","4.3"
"documents\Municipal Document Repository\Drainage\sewer_c_-4578_130_-199_4611_001_-157_5.pdf","4.06"
"documents\Municipal Document Repository\Drainage\sewer_c_-4578_130_-199_4611_001_-157_6.pdf","4.24"
"documents\Municipal Document Repository\Drainage\sewer_c_-4578_130_-199_4611_001_-157_7.pdf","4.23"
"documents\Municipal Document Repository\Drainage\sewer_c_-4578_130_-199_4611_001_-157_8.pdf","3.77"
"documents\Municipal Document Repository\Drainage\sewer_c_-4578_130_-199_4611_001_-157_9.pdf","4.13"
"documents\Municipal Document Repository\Drainage\sewer_c_-4589_154_-199_1.pdf","5.58"
"documents\Municipal Document Repository\Drainage\sewer_c_-4589_154_-199_2.pdf","5.57"
"documents\Municipal Document Repository\Drainage\Sewer_D_-4556_172_-198.pdf","5.67"
"documents\Municipal Document Repository\Drainage\sewer_d_-4606_109_-199_4590_067_-199_4612_001_-021_1.pdf","10.84"
"documents\Municipal Document Repository\Drainage\sewer_d_-4606_109_-199_4590_067_-199_4612_001_-021_10.pdf","10.09"
"documents\Municipal Document Repository\Drainage\sewer_d_-4606_109_-199_4590_067_-199_4612_001_-021_11.pdf","9.54"
"documents\Municipal Document Repository\Drainage\sewer_d_-4606_109_-199_4590_067_-199_4612_001_-021_3.pdf","9.73"
"documents\Municipal Document Repository\Drainage\sewer_d_-4606_109_-199_4590_067_-199_4612_001_-021_41.pdf","6.32"
"documents\Municipal Document Repository\Drainage\sewer_d_-4606_109_-199_4590_067_-199_4612_001_-021_5.pdf","10.06"
"documents\Municipal Document Repository\Drainage\sewer_d_-4606_109_-199_4590_067_-199_4612_001_-021_6.pdf","10.6"
"documents\Municipal Document Repository\Drainage\sewer_d_-4606_109_-199_4590_067_-199_4612_001_-021_7.pdf","10.38"
"documents\Municipal Document Repository\Drainage\sewer_d_-4606_109_-199_4590_067_-199_4612_001_-021_8.pdf","11.54"
"documents\Municipal Document Repository\Drainage\sewer_d_-4606_109_-199_4590_067_-199_4612_001_-021_9.pdf","10.41"
"documents\Municipal Document Repository\Drainage\Sewer_E_-4603-009_-010.pdf","1.57"
"documents\Municipal Document Repository\Drainage\sewer_e_-4603-011_-103_1.pdf","4.88"
"documents\Municipal Document Repository\Drainage\sewer_e_-4603-011_-103_2.pdf","6.51"
"documents\Municipal Document Repository\Drainage\sewer_e_-4603-011_-103_3.pdf","8.03"
"documents\Municipal Document Repository\Drainage\sewer_e_-4603-011_-103_4.pdf","8.8"
"documents\Municipal Document Repository\Drainage\sewer_e_-4603-011_-103_5.pdf","5.8"
"documents\Municipal Document Repository\Drainage\sewer_e_-4603-011_-103_6.pdf","1.63"
"documents\Municipal Document Repository\Drainage\sewer_f_-4548_174_-199_1.pdf","10.91"
"documents\Municipal Document Repository\Drainage\sewer_f_-4548_174_-199_2.pdf","10.83"
"documents\Municipal Document Repository\Drainage\sewer_f_-4614_001_-199_1.pdf","6.02"
"documents\Municipal Document Repository\Drainage\sewer_f_-4614_001_-199_2.pdf","9.32"
"documents\Municipal Document Repository\Drainage\sewer_f_-4614_001_-199_3.pdf","5.76"
"documents\Municipal Document Repository\Drainage\sewer_f_-4614_001_-199_4.pdf","5.93"
"documents\Municipal Document Repository\Drainage\sewer_f_-4614_001_-199_5.pdf","5.9"
"documents\Municipal Document Repository\Drainage\sewer_f_-4614_001_-199_6.pdf","5.88"
"documents\Municipal Document Repository\Drainage\sewer_f_-4614_001_-199_7.pdf","5.78"
"documents\Municipal Document Repository\Drainage\sewer_f_-4614_001_-199_8.pdf","5.78"
"documents\Municipal Document Repository\Drainage\sewer_f_-4615_001_-147_1.pdf","6.19"
"documents\Municipal Document Repository\Drainage\sewer_f_-4615_001_-147_2.pdf","8.46"
"documents\Municipal Document Repository\Drainage\sewer_f_-4615_001_-147_3.pdf","6.02"
"documents\Municipal Document Repository\Drainage\sewer_f_-4615_001_-147_4.pdf","6"
"documents\Municipal Document Repository\Drainage\sewer_f_-4615_001_-147_5.pdf","5.69"
"documents\Municipal Document Repository\Drainage\sewer_f_-4615_001_-147_6.pdf","4.78"
"documents\Municipal Document Repository\Drainage\sewer_k_-4605_055_-177_1.pdf","8.84"
"documents\Municipal Document Repository\Drainage\sewer_k_-4605_055_-177_2.pdf","7.29"
"documents\Municipal Document Repository\Drainage\sewer_k_-4605_055_-177_3.pdf","5.92"
"documents\Municipal Document Repository\Drainage\sewer_k_-4605_055_-177_4.pdf","6.03"
"documents\Municipal Document Repository\Drainage\sewer_k_-4605_055_-177_5.pdf","5.72"
"documents\Municipal Document Repository\Drainage\sewer_k_-4609_154_-199_1.pdf","9.48"
"documents\Municipal Document Repository\Drainage\sewer_k_-4609_154_-199_11.pdf","9.48"
"documents\Municipal Document Repository\Drainage\sewer_k_-4609_154_-199_2.pdf","9.08"
"documents\Municipal Document Repository\Drainage\sewer_k_-4609_154_-199_21.pdf","9.08"
"documents\Municipal Document Repository\Drainage\sewer_l_-4552_186_-199_4613_001_-125_1.pdf","8.11"
"documents\Municipal Document Repository\Drainage\sewer_l_-4552_186_-199_4613_001_-125_2.pdf","8.33"
"documents\Municipal Document Repository\Drainage\sewer_l_-4552_186_-199_4613_001_-125_3.pdf","9.44"
"documents\Municipal Document Repository\Drainage\sewer_l_-4552_186_-199_4613_001_-125_4.pdf","8.45"
"documents\Municipal Document Repository\Drainage\sewer_l_-4552_186_-199_4613_001_-125_5.pdf","9.81"
"documents\Municipal Document Repository\Drainage\Sewer_M_-4577_188_-199.pdf","11.45"
"documents\Municipal Document Repository\Drainage\sewer_m_-4580_019_-199_1.pdf","5.04"
"documents\Municipal Document Repository\Drainage\sewer_m_-4580_019_-199_2.pdf","5.09"
"documents\Municipal Document Repository\Drainage\sewer_m_-4580_019_-199_3.pdf","5.24"
"documents\Municipal Document Repository\Drainage\sewer_m_-4580_019_-199_4.pdf","5.25"
"documents\Municipal Document Repository\Drainage\sewer_m_-4580_019_-199_5.pdf","5.23"
"documents\Municipal Document Repository\Drainage\sewer_m_-4580_019_-199_7.pdf","5.32"
"documents\Municipal Document Repository\Drainage\sewer_m_-4580_019_-199_8.pdf","5.08"
"documents\Municipal Document Repository\Drainage\sewer_m_-4580_019_-199_9.pdf","4.76"
"documents\Municipal Document Repository\Drainage\sewer_m_-4583_001_-066_1.pdf","5.78"
"documents\Municipal Document Repository\Drainage\sewer_m_-4583_001_-066_2.pdf","6.83"
"documents\Municipal Document Repository\Drainage\sewer_m_-4583_001_-066_3.pdf","4.95"
"documents\Municipal Document Repository\Drainage\sewer_ward_98_-4561_121_-180_1.pdf","9.14"
"documents\Municipal Document Repository\Drainage\sewer_ward_98_-4561_121_-180_2.pdf","7.08"
"documents\Municipal Document Repository\Drainage\sewer_ward_98_-4561_121_-180_3.pdf","6.59"
"documents\Municipal Document Repository\Drainage\SPS_Golwadi_-4596.pdf","9.75"
"documents\Municipal Document Repository\Drainage\SPS_Golwadi_4696_006-010.pdf","9.75"
"documents\Municipal Document Repository\Drainage\SPS_Golwadi_4696_006-0101.pdf","9.75"
"documents\Municipal Document Repository\Drainage\SPS_Padegaon_-4594_012_-015.pdf","2.99"
"documents\Municipal Document Repository\Drainage\SPS_Zalta_-4551_022_-026.pdf","3.69"
"documents\Municipal Document Repository\Drainage\standing_prastav.pdf","8.81"
"documents\Municipal Document Repository\Drainage\STP_010_MLD_4550_027-041_11.pdf","7.43"
"documents\Municipal Document Repository\Drainage\STP_010_MLD_4550_027-041_12.pdf","7.43"
"documents\Municipal Document Repository\Drainage\STP_010_MLD_4550_027-041_2.pdf","3.53"
"documents\Municipal Document Repository\Drainage\STP_010_MLD_4550_027-041_21.pdf","3.53"
"documents\Municipal Document Repository\Drainage\STP_035_MLD_4518_078-108_1.pdf","10.84"
"documents\Municipal Document Repository\Drainage\STP_035_MLD_4518_078-108_11.pdf","10.84"
"documents\Municipal Document Repository\Drainage\STP_035_MLD_4518_078-108_2.pdf","10.96"
"documents\Municipal Document Repository\Drainage\stp_10_mld_-4550_1.pdf","11.26"
"documents\Municipal Document Repository\Drainage\stp_10_mld_-4550_2.pdf","8.01"
"documents\Municipal Document Repository\Drainage\stp_161_mld_-4516_1.pdf","11.63"
"documents\Municipal Document Repository\Drainage\stp_161_mld_-4516_2.pdf","9.9"
"documents\Municipal Document Repository\Drainage\STP_161_MLD_4516_119-133 (1).pdf","9.67"
"documents\Municipal Document Repository\Drainage\STP_161_MLD_4516_119-133.pdf","9.67"
"documents\Municipal Document Repository\Drainage\STP_161_MLD_4516_119-1331.pdf","9.67"
"documents\Municipal Document Repository\Drainage\STP_161_MLD_4516_134-138_1.pdf","1.99"
"documents\Municipal Document Repository\Drainage\STP_161_MLD_4516_134-138_11.pdf","1.99"
"documents\Municipal Document Repository\Drainage\STP_161_MLD_4516_134-138_2.pdf","1.49"
"documents\Municipal Document Repository\Drainage\STP_161_MLD_4516_134-138_21.pdf","1.49"
"documents\Municipal Document Repository\Drainage\uidssmt_-_sewrage_pmc_Agreement_for_AMC__for_web.pdf","2.99"
"documents\Municipal Document Repository\Drainage\UIDSSMT_As_built_Drawings_PDF.pdf","10.99"
"documents\Municipal Document Repository\Drainage\uidssmt_tender_notice.pdf","0.96"
"documents\Municipal Document Repository\Drainage\uidssmt_workorder_scan.pdf","4.48"
"documents\Municipal Document Repository\Drainage\Valume_-I__Report_Estimates.pdf","10.94"
"documents\Municipal Document Repository\Drainage\Valume_-I__Report_Estimates_Page_001-200.pdf","9.25"
"documents\Municipal Document Repository\Drainage\Valume_-I__Report_Estimates_Page_301-360.pdf","2.06"
"documents\Municipal Document Repository\Drainage\Volume_-_II__Design_Drawings_Page_001-200.pdf","1.16"
"documents\Municipal Document Repository\Drainage\Volume_-_II__Design_Drawings_Page_201-400.pdf","1.34"
"documents\Municipal Document Repository\Drainage\Volume_-_II__Design_Drawings_Page_401-600.pdf","1.77"
"documents\Municipal Document Repository\Drainage\Volume_-_II__Design_Drawings_Page_601-750.pdf","1.77"
"documents\Municipal Document Repository\Drainage\Volume_-_II__Design_Drawings_Page_751-800.pdf","0.58"
"documents\Municipal Document Repository\Drainage\Volume_-_II__Design_Drawings_Page_801-837.pdf","0.67"
"documents\Municipal Document Repository\Drainage\Volume_III_BOQ.pdf","0.72"
"documents\Municipal Document Repository\Drainage\Volume_II_Technical_Specification.pdf","8.03"
"documents\Municipal Document Repository\Drainage\Volume_I_-_General_Conditions.pdf","0.89"
"documents\Municipal Document Repository\Drainage\ZALTA_STP_MB_10_RA_(4518).pdf","2.98"
"documents\Municipal Document Repository\Education Department\Draft_seniority_list_of_co-teachers.pdf","2.97"
"documents\Municipal Document Repository\Education Department\Draft_Seniority_List_of_Principals.pdf","0.32"
"documents\Municipal Document Repository\Education Department\Education_informtion__06.pdf","6.41"
"documents\Municipal Document Repository\Education Department\Edu__deolapment_officer_seniority_list-2024.pdf","0.5"
"documents\Municipal Document Repository\Education Department\Head_Master_seniority_list-2024.pdf","1.26"
"documents\Municipal Document Repository\Education Department\Inter_District_Transfer_Marathi_Medium_List.pdf","1.67"
"documents\Municipal Document Repository\Education Department\Inter_District_Transfer_Urdu_Medium_List.pdf","2.17"
"documents\Municipal Document Repository\Education Department\manapa-Bhag-2.pdf","7.53"
"documents\Municipal Document Repository\Education Department\manapa-Bhag-3.pdf","8"
"documents\Municipal Document Repository\Education Department\manapa-Bhag-4.pdf","7.68"
"documents\Municipal Document Repository\Education Department\manapa-Bhag-6.pdf","6.36"
"documents\Municipal Document Repository\Education Department\manapa-Bhag_-1.pdf","8.34"
"documents\Municipal Document Repository\Education Department\manapa-_Bhag-5.pdf","7.35"
"documents\Municipal Document Repository\Education Department\Schoolwise_Students_List.pdf","0.48"
"documents\Municipal Document Repository\Education Department\Summer_Camp_Planning_final_-_PPT_compressed.pdf","0.7"
"documents\Municipal Document Repository\Education Department\Teacher_Seniority_Lust-2024_compressed.pdf","5.24"
"documents\Municipal Document Repository\Electrical Department\CSR_17-18-1.pdf","1.31"
"documents\Municipal Document Repository\Electrical Department\PWD_Electrical_csr18-19_14_9_2018.pdf","3.16"
"documents\Municipal Document Repository\Electrical Department\Satara_Devlaee-1.pdf","0.2"
"documents\Municipal Document Repository\Electrical Department\Satara_Devlaee-2.pdf","0.16"
"documents\Municipal Document Repository\Electrical Department\Ward_-_A_part_-2.pdf","0.7"
"documents\Municipal Document Repository\Electrical Department\Ward_-_A_part_3.pdf","0.2"
"documents\Municipal Document Repository\Electrical Department\Ward_-_B_part_1.pdf","0.45"
"documents\Municipal Document Repository\Electrical Department\Ward_-_B_part_2.pdf","0.19"
"documents\Municipal Document Repository\Electrical Department\Ward_-_B_part_3.pdf","0.27"
"documents\Municipal Document Repository\Electrical Department\Ward_-_B_part_4.pdf","0.19"
"documents\Municipal Document Repository\Electrical Department\Ward_-_D_part_1.pdf","0.2"
"documents\Municipal Document Repository\Electrical Department\Ward_-_D_part_2.pdf","0.23"
"documents\Municipal Document Repository\Electrical Department\Ward_-_D_part_3.pdf","0.26"
"documents\Municipal Document Repository\Electrical Department\Ward_-_E_part_1.pdf","0.26"
"documents\Municipal Document Repository\Electrical Department\Ward_-_E_part_2.pdf","0.26"
"documents\Municipal Document Repository\Electrical Department\Ward_-_E_part_3.pdf","0.2"
"documents\Municipal Document Repository\Electrical Department\Ward_-_F_part_-4.pdf","0.27"
"documents\Municipal Document Repository\Electrical Department\Ward_-_F_part_1.pdf","0.25"
"documents\Municipal Document Repository\Electrical Department\Ward_-_F_part_2.pdf","0.18"
"documents\Municipal Document Repository\Electrical Department\Ward_-_F_part_3.pdf","0.19"
"documents\Municipal Document Repository\Electrical Department\Word_-_A_part-1.pdf","0.18"
"documents\Municipal Document Repository\Electrical Department\Work_Done_-_2009_to_2015.pdf","0.15"
"documents\Municipal Document Repository\Fire Department\Agriment.pdf","3.34"
"documents\Municipal Document Repository\Fire Department\Fire_brigade_Information_22_4_2025.pdf","1.54"
"documents\Municipal Document Repository\Garden Department\Adventure_Park_EOI.pdf","1.66"
"documents\Municipal Document Repository\Garden Department\Childran_Park.pdf","1.35"
"documents\Municipal Document Repository\Garden Department\EOI_Garden_English.pdf","0.86"
"documents\Municipal Document Repository\Garden Department\Garden_09_03_17.pdf","0.96"
"documents\Municipal Document Repository\Garden Department\Garden_1040_dt__22_12_2023.pdf","0.07"
"documents\Municipal Document Repository\Garden Department\Garden_611_dt__29_11_2019.pdf","0.89"
"documents\Municipal Document Repository\Garden Department\Jahir_Lilav_Suchana.pdf","0.89"
"documents\Municipal Document Repository\Garden Department\Swarsya_Abhivyakti-EOI_Englisch_(Second_Time).pdf","2.34"
"documents\Municipal Document Repository\Garden Department\Swarsya_Abhivyakti-EOI_Marathi_(Second_Time).pdf","2.9"
"documents\Municipal Document Repository\Health Department\Bio-Medical_Waste_Agreement.pdf","1.36"
"documents\Municipal Document Repository\Health Department\Dengue_Add.pdf","0.99"
"documents\Municipal Document Repository\Health Department\Dengue_Centers.pdf","0.23"
"documents\Municipal Document Repository\Health Department\Health_1102_dt__24_04_2019.pdf","0.09"
"documents\Municipal Document Repository\Health Department\Health_887_dt__26_03_2019.pdf","0.21"
"documents\Municipal Document Repository\Health Department\Health_893_dt__26_03_2019.pdf","0.12"
"documents\Municipal Document Repository\Health Department\Health_NUhm_322_dt__12_08_2024.pdf","6.84"
"documents\Municipal Document Repository\Health Department\Maleriya.pdf","0.42"
"documents\Municipal Document Repository\Health Department\MTP_CENTER_LIST.pdf","9.69"
"documents\Municipal Document Repository\Health Department\NUHM_Agreement.pdf","0.67"
"documents\Municipal Document Repository\Health Department\Walk_In_interview_Date_09_07_2020.pdf","2.03"
"documents\Municipal Document Repository\Labour Department\Agreement_1.pdf","4.49"
"documents\Municipal Document Repository\Labour Department\Agreement_2.pdf","11.04"
"documents\Municipal Document Repository\Labour Department\All_Tenders_Notices_and_Documents.pdf","7.17"
"documents\Municipal Document Repository\Labour Department\Labour_Section_dt__18_4_2022.pdf","2.25"
"documents\Municipal Document Repository\Labour Department\Outsourcing_Agency_Document_.pdf","4.93"
"documents\Municipal Document Repository\Labour Department\Tender_Document.pdf","3.03"
"documents\Municipal Document Repository\Labour Department\Tender_Document_1.pdf","12.94"
"documents\Municipal Document Repository\Library Department\library.pdf","0.04"
"documents\Municipal Document Repository\Mechanical Document\279_Vehicle.pdf","0.12"
"documents\Municipal Document Repository\Mechanical Document\Auto_list.pdf","0.05"
"documents\Municipal Document Repository\Mechanical Document\List_of_276_Vehicles_Dt__20_5_2017.pdf","0.29"
"documents\Municipal Document Repository\Mechanical Document\Mechinical_89_dt_21_02_2025.pdf","6.18"
"documents\Municipal Document Repository\Mechanical Document\Water_Work_Mechanical_2009-10_To_2015-16.pdf","0.05"
"documents\Municipal Document Repository\Mechanical Document\Water_Work_Mechanical_2009_to_2015.pdf","0.09"
"documents\Municipal Document Repository\NULM Department\Arja_Namuna_01.pdf","0.1"
"documents\Municipal Document Repository\PMAY\Gharkul_Section.pdf","3.3"
"documents\Municipal Document Repository\PMAY\PMAY AHP APPLICANT LIST 2023 page 1 to 1500_compressed.pdf","8.39"
"documents\Municipal Document Repository\PMAY\PMAY AHP APPLICANT LIST 2023 page 1501 to 3151_compressed.pdf","9.15"
"documents\Municipal Document Repository\PMAY\PMAY(U)_BLC_DPR-2_LIST_OF_116_APPROVED_BENIFICIRES.pdf","0.07"
"documents\Municipal Document Repository\PMAY\PMAY(U)_BLC_DPR-3_LIST_OF_97_APPROVED_BENIFICIRES.pdf","0.15"
"documents\Municipal Document Repository\PMAY\PMAY(U)_BLC_DPR-4_LIST_OF_101_APPROVED_BENIFICIRES.pdf","0.34"
"documents\Municipal Document Repository\PMAY\PMAY(U)_BLC_DPR-5_LIST_OF_214_APPROVED_BENIFICIRES.pdf","0.28"
"documents\Municipal Document Repository\PMAY\PMAY_138_BENEFICIARY_LIST.pdf","0.05"
"documents\Municipal Document Repository\Ramai Awaas Yojna\Disqualified_Applicant_1709_compressed_(1).pdf","5.93"
"documents\Municipal Document Repository\Ramai Awaas Yojna\Jahir_Pragatan1.pdf","0.27"
"documents\Municipal Document Repository\Ramai Awaas Yojna\Qualified_Applicant_8741.pdf","3.93"
"documents\Municipal Document Repository\Ramai Awaas Yojna\Waiting_Applicant_3301.pdf","2.5"
"documents\Municipal Document Repository\Secretary Section\Mahapalika_Sachiv_Section.pdf","1.24"
"documents\Municipal Document Repository\Social Welfare Department\2023-24_Data_PDF1.pdf","6.21"
"documents\Municipal Document Repository\Social Welfare Department\2024-25_Data_PDF_compressed1.pdf","5.2"
"documents\Municipal Document Repository\Social Welfare Department\Divyang_list.pdf","0.17"
"documents\Municipal Document Repository\Social Welfare Department\edu__37_dt__02_06_2021.pdf","0.31"
"documents\Municipal Document Repository\Solid Waste Management Department\EOI_Abhiyakti_Swarasya1.pdf","1.41"
"documents\Municipal Document Repository\Solid Waste Management Department\EOI_SWM.pdf","0.72"
"documents\Municipal Document Repository\Solid Waste Management Department\swm_724_dt__23_11_20221.pdf","0.23"
"documents\Municipal Document Repository\Tax Assessment and Collection\Agreement_Computer_Operator.pdf","8.4"
"documents\Municipal Document Repository\Tax Assessment and Collection\Computer_Operators_Agreement_05_01_2016.pdf","0.34"
"documents\Municipal Document Repository\Tax Assessment and Collection\Computer_Operator_Work_Orders.pdf","0.34"
"documents\Municipal Document Repository\Tax Assessment and Collection\DCOReport_2015-16.pdf","0.06"
"documents\Municipal Document Repository\Tax Assessment and Collection\DCO_Report_2016-17.pdf","0.06"
"documents\Municipal Document Repository\Tax Assessment and Collection\dy_commi_2-44_dt17_01_2024.pdf","2.87"
"documents\Municipal Document Repository\Tax Assessment and Collection\Recovery_Table_2016.pdf","0.09"
"documents\Municipal Document Repository\Tax Assessment and Collection\TAX_Assessor_Web15-16_27_11_2015.pdf","0.09"
"documents\Municipal Document Repository\Tax Assessment and Collection\Web_Letter_Tax.pdf","0.06"
"documents\Municipal Document Repository\Tourism Department\BOMBAY_MERCANTILE_CO-OPERATION_B.pdf","1.69"
"documents\Municipal Document Repository\Tourism Department\khidaki_yojana.pdf","1.13"
"documents\Municipal Document Repository\Tourism Department\TENDER_DOCUMENTS.pdf","5.34"
"documents\Municipal Document Repository\Town Planning Department\2010-11_B_P_.pdf","0.66"
"documents\Municipal Document Repository\Town Planning Department\2010-11_O_C_.pdf","0.23"
"documents\Municipal Document Repository\Town Planning Department\2011-12_B_P_.pdf","0.6"
"documents\Municipal Document Repository\Town Planning Department\2011-12_O_C.pdf","0.22"
"documents\Municipal Document Repository\Town Planning Department\2012-13_B_P_.pdf","0.51"
"documents\Municipal Document Repository\Town Planning Department\2012-13_O_C.pdf","0.18"
"documents\Municipal Document Repository\Town Planning Department\2013-114_B_P_1.pdf","0.37"
"documents\Municipal Document Repository\Town Planning Department\2014-15_B_P_.pdf","0.35"
"documents\Municipal Document Repository\Town Planning Department\2015-16_B_P_1.pdf","0.31"
"documents\Municipal Document Repository\Town Planning Department\2015-16_O_C_.pdf","0.14"
"documents\Municipal Document Repository\Town Planning Department\2016-171.pdf","0.37"
"documents\Municipal Document Repository\Town Planning Department\2017-18_B_P1.pdf","0.26"
"documents\Municipal Document Repository\Town Planning Department\2017-18_O_C_.pdf","0.15"
"documents\Municipal Document Repository\Town Planning Department\adtp_1134_dt_22_04_2021.pdf","4.07"
"documents\Municipal Document Repository\Town Planning Department\ADTP_1150_DT__26_04_2021.pdf","7.31"
"documents\Municipal Document Repository\Town Planning Department\adtp_1202_dt_04_05_2021.pdf","14.92"
"documents\Municipal Document Repository\Town Planning Department\adtp_1479_dt__18_05_2021.pdf","1.52"
"documents\Municipal Document Repository\Town Planning Department\adtp_2688_dt__19_07_2021.pdf","5.32"
"documents\Municipal Document Repository\Town Planning Department\ADTP_605_dt__05_03_2020.pdf","0.14"
"documents\Municipal Document Repository\Town Planning Department\ADTP_657_dt__19_03_2021.pdf","3.63"
"documents\Municipal Document Repository\Town Planning Department\Building_Permission_2019-20.pdf","0.11"
"documents\Municipal Document Repository\Town Planning Department\Building_Permission_2020-21.pdf","0.03"
"documents\Municipal Document Repository\Town Planning Department\Building_Permit_2025-26.pdf","4.12"
"documents\Municipal Document Repository\Town Planning Department\D-CLASS_FINAL_GAZZETTE_NOTIFICATION.pdf","2.29"
"documents\Municipal Document Repository\Town Planning Department\Gunthewari_Certificate_2021-2022.pdf","1.42"
"documents\Municipal Document Repository\Town Planning Department\Gunthewari_Certificate_2022-2023.pdf","0.31"
"documents\Municipal Document Repository\Town Planning Department\lay_out-2023-24_to_2025-26.pdf","1.5"
"documents\Municipal Document Repository\Town Planning Department\Notification_for_MRTP_Compounded_Structures_Rules_2017.pdf","14.43"
"documents\Municipal Document Repository\Town Planning Department\Occupancy_Certificate_2019-20.pdf","0.14"
"documents\Municipal Document Repository\Town Planning Department\Occupancy_Certificate_2020-21.pdf","0.04"
"documents\Municipal Document Repository\Town Planning Department\Occupancy_Certificate_2025-26_commm-compressed.pdf","3.79"
"documents\Municipal Document Repository\Town Planning Department\Out_word_B_P__2018-19.pdf","0.3"
"documents\Municipal Document Repository\Town Planning Department\Out_word_B_P__2019-20.pdf","0.06"
"documents\Municipal Document Repository\Town Planning Department\Out_word_O_C__2018-19.pdf","0.2"
"documents\Municipal Document Repository\Town Planning Department\Out_word_O_C__2019-20.pdf","0.08"
"documents\Municipal Document Repository\Town Planning Department\O_C_2014-15.pdf","0.13"
"documents\Municipal Document Repository\Town Planning Department\O_C_ISM_-2013-14.pdf","0.12"
"documents\Municipal Document Repository\Town Planning Department\O_C__16-17.pdf","0.16"
"documents\Municipal Document Repository\Town Planning Department\Regarding_approvals_of_Building.pdf","4.71"
"documents\Municipal Document Repository\Town Planning Department\REJECTED_FILES_2021-2022.pdf","0.07"
"documents\Municipal Document Repository\Town Planning Department\REJECTED_Files_2022-2023.pdf","0.03"
"documents\Municipal Document Repository\Town Planning Department\Sector-1_Existing_Land_Use.pdf","1.76"
"documents\Municipal Document Repository\Town Planning Department\Sector-2_Existing_Land_Use.pdf","2.55"
"documents\Municipal Document Repository\Town Planning Department\Sector-3_Existing_Land_Use.pdf","1.67"
"documents\Municipal Document Repository\Town Planning Department\Sector-4_Existing_Land_Use.pdf","3.32"
"documents\Municipal Document Repository\Town Planning Department\Sector-5_Existing_Land_Use.pdf","1.72"
"documents\Municipal Document Repository\Town Planning Department\Shivajinagar_Bhusampadan_railway_bhuyari_marg.pdf","2.58"
"documents\Municipal Document Repository\Town Planning Department\TDR-1_compressed.pdf","6.66"
"documents\Municipal Document Repository\Town Planning Department\TDR-2-2025-26-compressed.pdf","6"
"documents\Municipal Document Repository\Town Planning Department\TDR-2.pdf","5.1"
"documents\Municipal Document Repository\Town Planning Department\TDR_-1_-_2025-26_commm.pdf","3.11"
"documents\Municipal Document Repository\Town Planning Department\TDR_-1_compressed.pdf","6.51"
"documents\Municipal Document Repository\Town Planning Department\TDR_Out_word.pdf","0.17"
"documents\Municipal Document Repository\Town Planning Department\TDR_Out_word_New.pdf","0.12"
"documents\Municipal Document Repository\Town Planning Department\TP_1441_DT_11_07_2019.pdf","3.72"
"documents\Municipal Document Repository\Town Planning Department\T_D_R_2019-20.pdf","0.06"
"documents\Municipal Document Repository\Town Planning Department\T_D_R__out_word1.pdf","0.28"
"documents\Municipal Document Repository\Water Supply Department\AMC_Reply_to_Additional_RFP_Pre_Bid_Queries_Nov_03_10.pdf","0.65"
"documents\Municipal Document Repository\Water Supply Department\Byelaws_GR__06_02_2014.pdf","0.04"
"documents\Municipal Document Repository\Water Supply Department\List__of_existing_ESR_GSR.pdf","0.04"
"documents\Municipal Document Repository\Water Supply Department\Sanctioned_Byelaws_Gazette_published.pdf","3.7"
"documents\Municipal Document Repository\Works\List_of_Completed_Work_by_Zone_5_Drainage_Ghuge_Constraction.pdf","4.54"
"documents\Municipal Document Repository\Works\List_of_Completed_Work_by_Zone_5_Drainage_Sai_Constraction.pdf","11.15"
"documents\Municipal Document Repository\Works\List_of_Completed_Work_by_Zone_9_29_06_2017.pdf","2.27"
"documents\Municipal Document Repository\Works\List_of_Completed_Work_in_Zone_6_17_06_2017.pdf","1.03"
"documents\Municipal Document Repository\Works\List_of_Completed_Work_in_Zone_6_17_06_20171.pdf","1.03"
"documents\Municipal Document Repository\Works\List_of_Work_Done_Zone_6_20_06_2017.pdf","0.11"
"documents\Municipal Document Repository\Works\Ward_No__36_Naregaon.pdf","10.62"
"documents\Municipal Document Repository\Works\Zone_04_20_06_2017.pdf","0.42"
"documents\Municipal Document Repository\Works\Zone_06_Road_Works.pdf","10.98"
"documents\Municipal Document Repository\Works\Zone_6_Works.pdf","1.35"
"documents\Municipal Document Repository\Works\Zone_9_Road_Works_16_05_2017.pdf","8.02"
"documents\municipal-documents\Banner_location.pdf","0.22"
"documents\policies\Draft Water Policy_CS.pdf","15.47"
"documents\rti\Department-wise RTI Documents\Account_Department_RTI_17_2025.pdf","0.66"
"documents\rti\Department-wise RTI Documents\Additional_Commissioner-1_RTI_17_2025.pdf","1.08"
"documents\rti\Department-wise RTI Documents\Animal_Husbandry_RTI_17_2025.pdf","0.23"
"documents\rti\Department-wise RTI Documents\Audit_Department_RTI_17_2025_1.pdf","6.74"
"documents\rti\Department-wise RTI Documents\Computer_Section_RTI_17_2025.pdf","0.65"
"documents\rti\Department-wise RTI Documents\DDTP_2024.pdf","2.44"
"documents\rti\Department-wise RTI Documents\DMC-1_RTI_17_2025.pdf","4.84"
"documents\rti\Department-wise RTI Documents\DMC-2_RTI_17_2025.pdf","5.35"
"documents\rti\Department-wise RTI Documents\Dy_Engineer_Zone_No_02_RTI_17_2025.pdf","0.68"
"documents\rti\Department-wise RTI Documents\Dy_Engineer_Zone_No_08_RTI_17_2025.pdf","6.89"
"documents\rti\Department-wise RTI Documents\Dy_Engineer_Zone_No_09_RTI_17_2025_compressed.pdf","2.1"
"documents\rti\Department-wise RTI Documents\Education_Depatment_RTI_17_2025.pdf","0.11"
"documents\rti\Department-wise RTI Documents\Education_Dept_.pdf","4.08"
"documents\rti\Department-wise RTI Documents\Election_Department_RTI_17_2025.pdf","0.62"
"documents\rti\Department-wise RTI Documents\Electrical_Department_RTI_17_2025.pdf","7.02"
"documents\rti\Department-wise RTI Documents\Establishment-1_Dept_.pdf","0.16"
"documents\rti\Department-wise RTI Documents\Establishment_Department_RTI_17_2025.pdf","0.16"
"documents\rti\Department-wise RTI Documents\Executive_Engineer_Drainage_Garden_2024.pdf","6.26"
"documents\rti\Department-wise RTI Documents\Executive_Engineer_Drainage_Garden_RTI_17_2025.pdf","2.59"
"documents\rti\Department-wise RTI Documents\Fire_Department_RTI_17_2025.pdf","0.17"
"documents\rti\Department-wise RTI Documents\Garden_Dept.pdf","0.64"
"documents\rti\Department-wise RTI Documents\Guildelines_For_Disaster.pdf","2.25"
"documents\rti\Department-wise RTI Documents\Health_Dept__RTI_17_2025.pdf","0.85"
"documents\rti\Department-wise RTI Documents\Mechinical_Department_RTI_17_2025.pdf","2.49"
"documents\rti\Department-wise RTI Documents\Municipal_Secretary.pdf","0.74"
"documents\rti\Department-wise RTI Documents\Municipal_Secretary_RTI_17_2025.pdf","2.35"
"documents\rti\Department-wise RTI Documents\PRO_RTI_17_2025.pdf","1.04"
"documents\rti\Department-wise RTI Documents\RTI-Computer-2024_.pdf","0.16"
"documents\rti\Department-wise RTI Documents\RTI_17_Mude_Garden_Section_2025.pdf","1.26"
"documents\rti\Department-wise RTI Documents\Security_Department_RTI_17_2025.pdf","0.25"
"documents\rti\Department-wise RTI Documents\Solid_Waste_Management.pdf","0.16"
"documents\rti\Department-wise RTI Documents\Store_Department_RTI_17_2025.pdf","0.82"
"documents\rti\Department-wise RTI Documents\SWM_RTI_17_2025.pdf","3.82"
"documents\rti\Department-wise RTI Documents\Town_Planning_RTI_17_2025.pdf","0.22"
"documents\rti\Department-wise RTI Documents\Vigilance_Cell_RTI_17_2025.pdf","0.62"
"documents\rti\Department-wise RTI Documents\Water_Supply_City_Mechanical.pdf","6.62"
"documents\rti\Department-wise RTI Documents\Water_Supply_Jaikwadi_Mechanical_RTI_17_2025_.pdf","2.38"
"documents\rti\Department-wise RTI Documents\Women_and_Child_Welfare_RTI_17_2025.pdf","0.55"
"documents\rti\Department-wise RTI Documents\Zone_D-9_2024.pdf","0.22"
"documents\rti\Department-wise RTI Documents\Zone_F-7_2024.pdf","0.12"
"documents\rti\Department-wise RTI Documents\Zone_No_02_RTI_17_2025.pdf","3.88"
"documents\rti\Department-wise RTI Documents\Zone_No_06_RTI_17_2025_compressed.pdf","2.6"
"documents\rti\Department-wise RTI Documents\Zone_No_07_RTI_17_2025.pdf","4.01"
"documents\rti\Department-wise RTI Documents\Zone_No_08_RTI_17_2025.pdf","0.34"
"documents\rti\Department-wise RTI Documents\Zone_No_10_RTI_17_2025.pdf","0.22"
"documents\rti\Department-wise RTI Documents\Zone_No_1_RTI_17_2025.pdf","4.11"
"documents\rti\Department-wise RTI Documents\Zone_No_4_RTI_17_2025.pdf","1.31"
"documents\rti\Department-wise RTI Documents\Zone_No_5_RTI_17_2025.pdf","6.29"
"documents\rti\List of RTI Officers\RTI_Order.pdf","1.08"
"documents\rts\Adhi-Suchna.pdf","6.35"
"documents\rts\Gazette_2.pdf","2.67"
"documents\rts\Gazette_Dt_20-11-2025.pdf","0.53"
"documents\rts\Maharashtra_Public_Service_Right_Act_Rules_Gazette_21-08-2025.pdf","0.27"
"documents\rts\Maharashtra_Right_to_public_services_Act_2015.pdf","0.26"
"documents\rts\RTS_Rules_Gazette2.pdf","0.17"
"documents\standing-committee\1988\29-06-88_To_26-10-88.pdf","1.35"
"documents\standing-committee\1989\08-06-89_to_16-10-89.pdf","1.19"
"documents\standing-committee\1989\21-04-89_to_31-05-89.pdf","0.1"
"documents\standing-committee\1989\25-01-89_To_21-03-89.pdf","0.84"
"documents\standing-committee\1990\06-04-90_to_05-11-90.pdf","1.23"
"documents\standing-committee\1991\18-07-91_to_28-11-91.pdf","1.17"
"documents\standing-committee\1991\30-03-91_to_06-07-91.pdf","0.85"
"documents\standing-committee\1992\10-3-92_to_29-4-92.pdf","1.11"
"documents\standing-committee\1992\15-05-1992_to_17-10-92.pdf","1.67"
"documents\standing-committee\1993\01-03-93_to_21-04-93.pdf","0.47"
"documents\standing-committee\1993\13-08-93_to_30-11-93.pdf","1.08"
"documents\standing-committee\1995\16-05-95_to_28-12-95.pdf","1.91"
"documents\standing-committee\1996\06-01-96_to_19-3-96.pdf","1.42"
"documents\standing-committee\1996\12-4-96_to_21-9-96.pdf","1.51"
"documents\standing-committee\1997\10-4-97_to_3-10-97.pdf","1.4"
"documents\standing-committee\1997\17-1-97_to_29-3-97.pdf","1.17"
"documents\standing-committee\1998\16-04-98_to_11-11-98.pdf","1.65"
"documents\standing-committee\1999\12-04-99_to_06-11-99.pdf","1.48"
"documents\standing-committee\2002\05-2-02_to_27-03-02.pdf","1.22"
"documents\standing-committee\2003\13-03-2003_to_02-09-2003.pdf","1.09"
"documents\standing-committee\2004\08-04-2004_to_24-06-2004.pdf","0.99"
"documents\standing-committee\2004\10-02-04_to_11-02-04_Tahkub.pdf","0.44"
"documents\standing-committee\2004\12-07-04_to_19-08-04.pdf","1.22"
"documents\standing-committee\2004\23-08-04to13-12-04.pdf","1.06"
"documents\standing-committee\2005\04-10-05.pdf","0.14"
"documents\standing-committee\2005\06-07-05.pdf","0.07"
"documents\standing-committee\2005\12-07-05.pdf","0.22"
"documents\standing-committee\2005\13-09-05.pdf","0.11"
"documents\standing-committee\2005\16-11-05.pdf","0.2"
"documents\standing-committee\2005\17-05-05.pdf","0.08"
"documents\standing-committee\2005\18-10-05.pdf","0.25"
"documents\standing-committee\2005\20-07-05.pdf","0.28"
"documents\standing-committee\2005\22-11-05.pdf","0.12"
"documents\standing-committee\2005\22-12-05_(1).pdf","0.21"
"documents\standing-committee\2005\24-08-05.pdf","0.3"
"documents\standing-committee\2005\25-10-05.pdf","0.17"
"documents\standing-committee\2005\27-09-05.pdf","0.28"
"documents\standing-committee\2005\29-06-05.pdf","0.22"
"documents\standing-committee\2005\29-11-05.pdf","0.17"
"documents\standing-committee\2005\31-05-05.pdf","0.18"
"documents\standing-committee\2005\31-08-05.pdf","0.25"
"documents\standing-committee\2006\01-03-06.pdf","0.11"
"documents\standing-committee\2006\04-01-06.pdf","0.14"
"documents\standing-committee\2006\07-03-06.pdf","0.19"
"documents\standing-committee\2006\07-06-06.pdf","0.08"
"documents\standing-committee\2006\07-11-06.pdf","0.18"
"documents\standing-committee\2006\10-03-06GB.pdf","0.07"
"documents\standing-committee\2006\10-04-06.pdf","0.07"
"documents\standing-committee\2006\10-05-06.pdf","0.13"
"documents\standing-committee\2006\12-07-06.pdf","0.05"
"documents\standing-committee\2006\14-09-06.pdf","0.26"
"documents\standing-committee\2006\16-08-06.pdf","0.27"
"documents\standing-committee\2006\16-10-06.pdf","0.08"
"documents\standing-committee\2006\16-12-06.pdf","0.26"
"documents\standing-committee\2006\19-10-06.pdf","0.26"
"documents\standing-committee\2006\22-03-06.pdf","0.15"
"documents\standing-committee\2006\22-09-06.pdf","0.25"
"documents\standing-committee\2006\23-02-06.pdf","0.18"
"documents\standing-committee\2006\24-11-06.pdf","0.24"
"documents\standing-committee\2006\26-04-06.pdf","0.11"
"documents\standing-committee\2006\26-05-06.pdf","0.16"
"documents\standing-committee\2006\26-07-06a.pdf","0.13"
"documents\standing-committee\2006\26-07-06b.pdf","0.15"
"documents\standing-committee\2006\28-03-06.pdf","0.31"
"documents\standing-committee\2006\28-06-06.pdf","0.2"
"documents\standing-committee\2006\28-08-06.pdf","0.21"
"documents\standing-committee\2006\31-03-06.pdf","0.32"
"documents\standing-committee\2006\a10-01-06.pdf","0.2"
"documents\standing-committee\2006\b10-01-06.pdf","0.07"
"documents\standing-committee\2007\02-02-07.pdf","0.07"
"documents\standing-committee\2007\04-09-07.pdf","0.28"
"documents\standing-committee\2007\05-01-07.pdf","0.07"
"documents\standing-committee\2007\06-02-07.pdf","0.33"
"documents\standing-committee\2007\06-11-07.pdf","0.23"
"documents\standing-committee\2007\07-08-07.pdf","0.15"
"documents\standing-committee\2007\08-05-07.pdf","0.26"
"documents\standing-committee\2007\11-04-07.pdf","0.06"
"documents\standing-committee\2007\13-03-07.pdf","0.07"
"documents\standing-committee\2007\16-01-07.pdf","0.32"
"documents\standing-committee\2007\17-07-07.pdf","0.28"
"documents\standing-committee\2007\18-09-07.pdf","0.21"
"documents\standing-committee\2007\20-03-07a.pdf","0.13"
"documents\standing-committee\2007\20-03-07b.pdf","0.46"
"documents\standing-committee\2007\23-10-07.pdf","0.26"
"documents\standing-committee\2007\24-01-07.pdf","0.15"
"documents\standing-committee\2007\26-06-07.pdf","0.32"
"documents\standing-committee\2007\27-02-07.pdf","0.38"
"documents\standing-committee\2007\27-11-07.pdf","0.3"
"documents\standing-committee\2007\29-05-07.pdf","0.29"
"documents\standing-committee\2007\30-03-07.pdf","0.37"
"documents\standing-committee\2007\31-07-07-TKB.pdf","0.15"
"documents\standing-committee\2007\31-07-TKB-07-08-07.pdf","0.23"
"documents\standing-committee\2007\31-12-07.pdf","0.29"
"documents\standing-committee\2008\01-07-08.pdf","0.19"
"documents\standing-committee\2008\03-12-08TKB.pdf","0.08"
"documents\standing-committee\2008\04-12-08.pdf","0.25"
"documents\standing-committee\2008\05-02-08.pdf","0.57"
"documents\standing-committee\2008\07-04-08.pdf","0.11"
"documents\standing-committee\2008\08-07-08.pdf","0.15"
"documents\standing-committee\2008\10-06-08.pdf","0.19"
"documents\standing-committee\2008\13-05-08.pdf","0.2"
"documents\standing-committee\2008\15-03-08.pdf","0.34"
"documents\standing-committee\2008\15-11-08.pdf","0.18"
"documents\standing-committee\2008\16-07-08.pdf","0.12"
"documents\standing-committee\2008\17-01-08.pdf","0.25"
"documents\standing-committee\2008\18-06-08.pdf","0.14"
"documents\standing-committee\2008\19-03-08.pdf","0.06"
"documents\standing-committee\2008\19-09-08.pdf","0.13"
"documents\standing-committee\2008\21-10-08.pdf","0.29"
"documents\standing-committee\2008\22-04-08.pdf","0.12"
"documents\standing-committee\2008\22-09-08.pdf","0.24"
"documents\standing-committee\2008\23-12-08.pdf","0.2"
"documents\standing-committee\2008\24-03-08.pdf","0.15"
"documents\standing-committee\2008\24-07-08.pdf","0.14"
"documents\standing-committee\2008\25-03-08.pdf","0.15"
"documents\standing-committee\2008\25-11-08TKB.pdf","0.09"
"documents\standing-committee\2008\28-02-08.pdf","0.22"
"documents\standing-committee\2008\28-05-08.pdf","0.09"
"documents\standing-committee\2008\30-04-08.pdf","0.13"
"documents\standing-committee\2008\30-07-08.pdf","0.1"
"documents\standing-committee\2008\31-03-08.pdf","0.25"
"documents\standing-committee\2009\01-09-04-09.pdf","0.11"
"documents\standing-committee\2009\02-30-05-09.pdf","0.23"
"documents\standing-committee\2009\03-11-09.pdf","0.23"
"documents\standing-committee\2009\03-15-06-09.pdf","0.22"
"documents\standing-committee\2009\04-07-2009.pdf","0.36"
"documents\standing-committee\2009\04-12-09.pdf","0.12"
"documents\standing-committee\2009\04-30-06-09.pdf","0.08"
"documents\standing-committee\2009\05-12-09TKB.pdf","0.26"
"documents\standing-committee\2009\06-12-07-09.pdf","0.18"
"documents\standing-committee\2009\07-01-09.pdf","0.22"
"documents\standing-committee\2009\13-11-09.pdf","0.21"
"documents\standing-committee\2009\18-08-09.pdf","0.17"
"documents\standing-committee\2009\20-04-02-09.pdf","0.34"
"documents\standing-committee\2009\20-07-09.pdf","0.22"
"documents\standing-committee\2009\21-08-09.pdf","0.12"
"documents\standing-committee\2009\21-09-02-09.pdf","0.16"
"documents\standing-committee\2009\24-08-09.pdf","0.16"
"documents\standing-committee\2009\24-11-09.pdf","0.28"
"documents\standing-committee\2009\24-26-02-09.pdf","0.29"
"documents\standing-committee\2009\25-08-09.pdf","0.06"
"documents\standing-committee\2009\26-08-09.pdf","0.17"
"documents\standing-committee\2009\27-07-09.pdf","0.18"
"documents\standing-committee\2009\27-08-09.pdf","0.03"
"documents\standing-committee\2009\27-08-09TKB.pdf","0.17"
"documents\standing-committee\2009\29-12-09.pdf","0.22"
"documents\standing-committee\2009\31-08-09.pdf","0.16"
"documents\standing-committee\2010\02-06-10.pdf","0.12"
"documents\standing-committee\2010\06-01-10.pdf","0.27"
"documents\standing-committee\2010\06-02-10TKB.pdf","0.08"
"documents\standing-committee\2010\06_12_10_ETV.pdf","0.28"
"documents\standing-committee\2010\07_09_10__ETV.pdf","0.12"
"documents\standing-committee\2010\10-02-10TKB.pdf","0.09"
"documents\standing-committee\2010\11-02-10.pdf","0.43"
"documents\standing-committee\2010\15-02-10.pdf","0.3"
"documents\standing-committee\2010\19_06_10_Vishesh.pdf","0.06"
"documents\standing-committee\2010\19_06_10__ETV.pdf","0.11"
"documents\standing-committee\2010\20-02-10.pdf","0.16"
"documents\standing-committee\2010\22-01-10.pdf","0.13"
"documents\standing-committee\2010\23-02-10.pdf","0.32"
"documents\standing-committee\2010\25_10_10_ETV.pdf","0.22"
"documents\standing-committee\2010\26-02-10.pdf","0.22"
"documents\standing-committee\2010\26.07.10_TKB_ETV.pdf","0.08"
"documents\standing-committee\2010\27-04-10.pdf","0.14"
"documents\standing-committee\2010\29-01-10.pdf","0.24"
"documents\standing-committee\2010\29-01-10TKB.pdf","0.2"
"documents\standing-committee\2010\29.07.10_TKB_26.07.10_ETV.pdf","0.16"
"documents\standing-committee\2010\29_06_10_TKB__ETV.pdf","0.09"
"documents\standing-committee\2010\30_06_10_TKB_29__ETV.pdf","0.15"
"documents\standing-committee\2010\30_08_10__ETV.pdf","0.47"
"documents\standing-committee\2011\12_01_11_ETV.pdf","0.25"
"documents\standing-committee\2011\13.04.2011.pdf","0.04"
"documents\standing-committee\2011\14.03.2011.pdf","0.58"
"documents\standing-committee\2011\15.04.2011.pdf","0.18"
"documents\standing-committee\2011\17-27_04_11_ETV.pdf","0.06"
"documents\standing-committee\2011\18-29_04_11_ETV.pdf","0.33"
"documents\standing-committee\2011\20-01-2011.pdf","0.2"
"documents\standing-committee\2011\21-02-2011.pdf","0.59"
"documents\standing-committee\2011\21.03.2011.pdf","0.14"
"documents\standing-committee\2011\22.03.2011.pdf","0.64"
"documents\standing-committee\2012\01-02_06_12_ETV.pdf","0.09"
"documents\standing-committee\2012\01-25_04_12_ETV.pdf","0.09"
"documents\standing-committee\2012\02-30_04_12_ETV_Pudhe_Dhakalnyat_aaleli_Dt._06_06_2012_gheny.pdf","0.11"
"documents\standing-committee\2012\03-15_06_12__ETV.pdf","0.15"
"documents\standing-committee\2012\04-25_06_12_ETV.pdf","0.09"
"documents\standing-committee\2012\05-_06_07_12_ETV.pdf","0.12"
"documents\standing-committee\2012\06-_16_07_12_ETV_Pudhe_Dhakalnyat_aaleli_Dt.19_07_12_ghenyat.pdf","0.14"
"documents\standing-committee\2012\07-27_07_12_ETV.pdf","0.15"
"documents\standing-committee\2012\08-03_08_12_ETV.pdf","0.31"
"documents\standing-committee\2012\09-10_08_12_ETV.pdf","0.25"
"documents\standing-committee\2012\10-_21_08_12_Chi_Tahakub_Pudhe_28_08_12_La_Ghenyat_Ali_ETV.pdf","0.04"
"documents\standing-committee\2012\11-28_08_12_ETV.pdf","0.15"
"documents\standing-committee\2012\12-07__09_12_ETV.pdf","0.12"
"documents\standing-committee\2012\13-21__09_12_ETV.pdf","0.18"
"documents\standing-committee\2012\14-28__09_12_ETV.pdf","0.14"
"documents\standing-committee\2012\15-11__10_12_ETV.pdf","0.12"
"documents\standing-committee\2012\16-16__10_12_ETV.pdf","0.23"
"documents\standing-committee\2012\17-08_11_12_ETV.pdf","0.18"
"documents\standing-committee\2012\18-12_11_12_ETV.pdf","0.08"
"documents\standing-committee\2012\18-17_11_12_ETV_Dt.12_11_12_Chi_Tahakub.pdf","0.04"
"documents\standing-committee\2012\19-15_12_12_ETV_Dt.29_11_12_Chi_Tahakub.pdf","0.06"
"documents\standing-committee\2012\19-29_11_12_ETV.pdf","0.03"
"documents\standing-committee\2012\20-15_12_12_ETV.pdf","0.14"
"documents\standing-committee\2012\21-31_12_12_ETV.pdf","0.14"
"documents\standing-committee\2013\22-05_01_13_ETV.pdf","0.06"
"documents\standing-committee\2013\22-10_01_13_ETV_Dt_05_01_13_Chi_Tahakub.pdf","0.13"
"documents\standing-committee\2013\23-10_01_13_ETV.pdf","0.13"
"documents\standing-committee\2013\24-17_01_13_ETV.pdf","0.1"
"documents\standing-committee\2013\25-28_01_13_ETV.pdf","0.19"
"documents\standing-committee\2013\26-05_02_13_ETV.pdf","0.25"
"documents\standing-committee\2013\27-18_02_13_ETV.pdf","0.22"
"documents\standing-committee\2013\28-28_02_13_ETV.pdf","0.13"
"documents\standing-committee\2013\29-06_03_13_ETV.pdf","0.14"
"documents\standing-committee\2013\30-14_03_13_ETV.pdf","0.15"
"documents\standing-committee\2014\04-08_08_14_ETV.pdf","0.25"
"documents\standing-committee\2014\05-26_08_14_ETV.pdf","0.21"
"documents\standing-committee\2014\06-03_09_14_ETV.pdf","0.23"
"documents\standing-committee\2014\07-_18_11_14_ETV.pdf","0.22"
"documents\standing-committee\2014\08-_10_12_14_ETV_Pudhe_Dhakalaly.pdf","0.19"
"documents\standing-committee\2015\01.10_06_15_ETV.pdf","0.15"
"documents\standing-committee\2015\02-22_06_15_ETV.pdf","0.2"
"documents\standing-committee\2015\03-15__07_15__ETV_La_Tahakub.pdf","0.11"
"documents\standing-committee\2015\03-23__07_15_ETV_Dt.15_07_15_Chi_Tahakub.pdf","0.22"
"documents\standing-committee\2015\04-28__07_15_ETV_La_Tahakub.pdf","0.09"
"documents\standing-committee\2015\04-_05_08_15_Dt.28_07_15_chi_Tahakub_ETV.pdf","0.2"
"documents\standing-committee\2015\05-05__08_15_ETV.pdf","0.17"
"documents\standing-committee\2015\06-07__08_15_ETV_Budget.pdf","0.15"
"documents\standing-committee\2015\06-10_09_15_ETV__Dt._07_08_15_Chi_Tahakub_Budget.pdf","0.14"
"documents\standing-committee\2015\07-24__08_15_ETV.pdf","0.24"
"documents\standing-committee\2015\08_-_28__09_15_ETV_Tahakub.pdf","0.11"
"documents\standing-committee\2015\08_-_29__09_15__ETV_Dt._28.09.15_chi_tahakub.pdf","0.18"
"documents\standing-committee\2015\09-04_12_15_ETV_Dt.05_11_15_Chi_Tahakub.pdf","0.05"
"documents\standing-committee\2015\09-05_11_15__ETV_Tahakub.pdf","0.13"
"documents\standing-committee\2015\09-_22_01_15_ETV.pdf","0.31"
"documents\standing-committee\2015\10-04_12_15_ETV.pdf","0.12"
"documents\standing-committee\2015\11-21_12_15__ETV.pdf","0.15"
"documents\standing-committee\2015\11-_12_02_15_ETV.pdf","0.37"
"documents\standing-committee\2015\12-_27_02_15_ETV.pdf","0.41"
"documents\standing-committee\2015\13-_05_03_15_ETV.pdf","0.2"
"documents\standing-committee\2015\14-_16_03_15_KP.pdf","0.15"
"documents\standing-committee\2015\16-_23_03_15_ETV.pdf","0.12"
"documents\standing-committee\2016\01-02_06_2016_ETV_Chairman_Election.pdf","0.06"
"documents\standing-committee\2016\02-22_06_16_ETV.pdf","0.1"
"documents\standing-committee\2016\03-02_07_16_ETV.pdf","0.18"
"documents\standing-committee\2016\04-04_08_16_ETV.pdf","0.15"
"documents\standing-committee\2016\05-23_08_16_ETV_La_Tahakub.pdf","0.05"
"documents\standing-committee\2016\05-26_08_16_ETV_Dt.23_08_16_Chi_Tahakub.pdf","0.16"
"documents\standing-committee\2016\06-27_09_16_ETV.pdf","0.21"
"documents\standing-committee\2016\07-11_11_16_ETV_Dt_26_10_16_Chi_Tahakub.pdf","0.2"
"documents\standing-committee\2016\07-26_10_16_ETV_La_Tahakub_Sabha.pdf","0.04"
"documents\standing-committee\2016\08-24_11_16_ETV.pdf","0.26"
"documents\standing-committee\2016\09-28_12_16_ETV.pdf","0.3"
"documents\standing-committee\2016\12-20_01_16__ETV.pdf","0.18"
"documents\standing-committee\2016\13-18_02_16__ETV.pdf","0.24"
"documents\standing-committee\2016\14-16_03_16__ETV_Budget.pdf","0.11"
"documents\standing-committee\2016\14-19_03_16__ETV_Budget.pdf","0.08"
"documents\standing-committee\2016\14-28_03_16__ETV_Budget.pdf","0.07"
"documents\standing-committee\2016\15-30_04_16__ETV.pdf","0.17"
"documents\standing-committee\2016\16-30_04_16__ETV.pdf","0.07"
"documents\standing-committee\2017\01-03_06_17_ETV_Chairman_Ele.pdf","0.07"
"documents\standing-committee\2017\02-15_06_17_ETV.pdf","0.25"
"documents\standing-committee\2017\03-06_07_17_ETV.pdf","0.2"
"documents\standing-committee\2017\04-19_07_17_ETV.pdf","0.27"
"documents\standing-committee\2017\05-02_08_17_ETV.pdf","0.26"
"documents\standing-committee\2017\06-10_08_17_ETV.pdf","0.17"
"documents\standing-committee\2017\07-23_08_17_ETV.pdf","0.21"
"documents\standing-committee\2017\08-13_09_17_ETV.pdf","0.2"
"documents\standing-committee\2017\09-28_09_17_ETV.pdf","0.17"
"documents\standing-committee\2017\10-04_10_17_ETV.pdf","0.1"
"documents\standing-committee\2017\10-16_01_17_ETV.pdf","0.04"
"documents\standing-committee\2017\11-11_10_17_ETV.pdf","0.13"
"documents\standing-committee\2017\11-30__01_17_ETV.pdf","0.04"
"documents\standing-committee\2017\12-17_02_17__ETV.pdf","0.17"
"documents\standing-committee\2017\12-26_10_17_ETV_Pudhe_Dhakalli_03_11_17_la_Ghenyat_aali.pdf","0.17"
"documents\standing-committee\2017\13-10_03_17_Dt_28_02_17_Chi_Tahakub_ETV.pdf","0.34"
"documents\standing-committee\2017\13-14_11_17_ETV.pdf","0.26"
"documents\standing-committee\2017\13-28_02_17_ETV_Tahakub.pdf","0.14"
"documents\standing-committee\2017\14-21_03_17_ETV_Budget_Tahakub.pdf","0.16"
"documents\standing-committee\2017\14-21_04_17_ETV_Dt.21_03_17_chi_TahakubBudget.pdf","0.08"
"documents\standing-committee\2017\14-30_11_17_ETV.pdf","0.16"
"documents\standing-committee\2017\15-07_04_17_ETV.pdf","0.28"
"documents\standing-committee\2017\15-22_12_17_ETV.pdf","0.17"
"documents\standing-committee\2018\01-02_06_18_ETV_Chairman_Election.pdf","0.08"
"documents\standing-committee\2018\02-14_06_18_ETV.pdf","0.13"
"documents\standing-committee\2018\03-02_07_18_ETV.pdf","0.16"
"documents\standing-committee\2018\04-10_07_18_ETV.pdf","0.18"
"documents\standing-committee\2018\05-13_07_18_ETV_La_Pudhe_Dhakalli_Dt._31_07_18_La_Ghenyat_aali.pdf","0.31"
"documents\standing-committee\2018\16-11_01_18_ETV.pdf","0.37"
"documents\standing-committee\2018\17-24_01_18_ETV.pdf","0.32"
"documents\standing-committee\2018\18-07_02_18_ETV.pdf","0.2"
"documents\standing-committee\2018\19-01_03_18_ETV.pdf","0.2"
"documents\standing-committee\2018\20-13_03_18_ETV.pdf","0.19"
"documents\standing-committee\2018\21-21_03_18_ETV.pdf","0.2"
"documents\standing-committee\2018\22-26_03_18_ETV_Budget.pdf","0.08"
"documents\standing-committee\2018\23-28_03_18_ETV.pdf","0.1"
"documents\standing-committee\2018\24-07_04_18_ETV.pdf","0.15"
"documents\standing-committee\2018\25-13_04_18_ETV.pdf","0.14"
"documents\standing-committee\2018\26-21_04_18_ETV.pdf","0.09"
"documents\standing-committee\2018\27-27_04_18_ETV.pdf","0.12"
"documents\standing-committee\2018\28-30_04_18_ETV.pdf","0.11"
"documents\standing-committee\2018\SC-08-29_08_2018_ETV_out.pdf","0.19"
"documents\standing-committee\2018\SC-09-01_10_2018_Dt_out.pdf","0.1"
"documents\standing-committee\2018\SC-10-01_10_2018_Dt_out.pdf","0.1"
"documents\standing-committee\2018\SC-11-09_10_2018_ETV_out.pdf","0.18"
"documents\standing-committee\2018\SC-12-_22_10_2018_Dt_out.pdf","0.16"
"documents\standing-committee\2018\SC-13-_02_11_2018_ETV_out.pdf","0.24"
"documents\standing-committee\2018\SC-14-_19_11_2018_ETV_out.pdf","0.17"
"documents\standing-committee\2018\SC-15-_03_12_2018_ETV_out.pdf","0.18"
"documents\standing-committee\2018\SC-16-_10_12_2018_ETV_out.pdf","0.12"
"documents\standing-committee\2018\SC-17-_15_12_2018_ETV_out.pdf","0.11"
"documents\standing-committee\2018\SC-18-_27_12_2018_ETV_out.pdf","0.16"
"documents\standing-committee\2018\SC-_06-07_08_2018_ETV.pdf","0.12"
"documents\standing-committee\2018\SC-_07-23_08_2018_ETV_out.pdf","0.21"
"documents\standing-committee\2018\SC-_09-03_09_2018_ETV_Tahakub_out.pdf","0.04"
"documents\standing-committee\2019\SC-01-_04.06.019_ETV_Election_of_Chairman.pdf","0.09"
"documents\standing-committee\2019\SC-02-_04_09_2019_ETV_la_Antim_28_06_2019_la_Tahakub_-_Budget.pdf","0.12"
"documents\standing-committee\2019\SC-02-_28_06_2019_ETV_-_Budget_Tahakub.pdf","0.08"
"documents\standing-committee\2019\SC-02-_28_08_2019_ETV_-Dt.28_06_19_Chi_Tahakub__Budget_Tahakub.pdf","0.14"
"documents\standing-committee\2019\SC-03-_15_07_2019_ETV.pdf","0.33"
"documents\standing-committee\2019\SC-04-_16_09_2019_ETV.pdf","0.35"
"documents\standing-committee\2019\SC-05-_14_11_2019_ETV.pdf","0.18"
"documents\standing-committee\2019\SC-06-_17_12_2019_ETV.pdf","0.19"
"documents\standing-committee\2019\SC-19-_14_01_2019_ETV_out.pdf","0.19"
"documents\standing-committee\2019\SC-20-_24_01_2019_ETV_out.pdf","0.19"
"documents\standing-committee\2019\SC-21-_01_02_2019_ETV_out.pdf","0.2"
"documents\standing-committee\2019\SC-22-_08_02_2019_ETV_out.pdf","0.17"
"documents\standing-committee\2019\SC-23-_18_02_2019_ETV_out.pdf","0.18"
"documents\standing-committee\2019\SC-24-_28_02_2019_ETV_out.pdf","0.22"
"documents\standing-committee\2019\SC-25-_05_03_2019_ETV_out.pdf","0.1"
"documents\standing-committee\2019\SC-26-_08_03_2019_ETV_out.pdf","0.18"
"documents\standing-committee\2020\SC-07-_14_01_2020_ETV.pdf","0.12"
"documents\standing-committee\2020\SC-08-_13_02_2020_ETV.pdf","0.35"
"documents\standing-committee\2020\SC-09-_09_03_2020_ETV_Tahakub_Dt.pdf","0.25"
"documents\standing-committee\2020\SC-09-_11_03_2020_ETV__Dt.pdf","0.06"
"documents\standing-committee\2025\EST_12_01_2025.pdf","0.05"
"documents\standing-committee\2025\Municipal_Corporation_-_Improved_Voter_List_Program_26-11-2025.pdf","0.48"
"documents\standing-committee\2026\EST-1_Dt_03_07_2026.pdf","0.15"
"documents\standing-committee\Duplicate Review\01-03-06.pdf","0.11"
"documents\standing-committee\Duplicate Review\01-07-08.pdf","0.19"
"documents\standing-committee\Duplicate Review\02-02-07.pdf","0.07"
"documents\standing-committee\Duplicate Review\02-30-05-09_(1).pdf","0.23"
"documents\standing-committee\Duplicate Review\03-12-08TKB.pdf","0.08"
"documents\standing-committee\Duplicate Review\04-01-06.pdf","0.14"
"documents\standing-committee\Duplicate Review\04-09-07.pdf","0.28"
"documents\standing-committee\Duplicate Review\04-10-05.pdf","0.14"
"documents\standing-committee\Duplicate Review\04-12-08.pdf","0.25"
"documents\standing-committee\Duplicate Review\05-01-07.pdf","0.07"
"documents\standing-committee\Duplicate Review\05-02-08.pdf","0.57"
"documents\standing-committee\Duplicate Review\06-02-07.pdf","0.33"
"documents\standing-committee\Duplicate Review\06-03-07.pdf","0.04"
"documents\standing-committee\Duplicate Review\06-07-05.pdf","0.07"
"documents\standing-committee\Duplicate Review\06-11-07.pdf","0.23"
"documents\standing-committee\Duplicate Review\07-03-06.pdf","0.19"
"documents\standing-committee\Duplicate Review\07-04-08.pdf","0.11"
"documents\standing-committee\Duplicate Review\07-06-06.pdf","0.08"
"documents\standing-committee\Duplicate Review\07-08-07.pdf","0.15"
"documents\standing-committee\Duplicate Review\08-07-08.pdf","0.15"
"documents\standing-committee\Duplicate Review\10-03-06GB.pdf","0.07"
"documents\standing-committee\Duplicate Review\10-04-06.pdf","0.07"
"documents\standing-committee\Duplicate Review\10-05-06.pdf","0.13"
"documents\standing-committee\Duplicate Review\10-06-08.pdf","0.19"
"documents\standing-committee\Duplicate Review\12-01-07.pdf","0.23"
"documents\standing-committee\Duplicate Review\12-07-05.pdf","0.22"
"documents\standing-committee\Duplicate Review\13-05-08.pdf","0.2"
"documents\standing-committee\Duplicate Review\13-09-05.pdf","0.11"
"documents\standing-committee\Duplicate Review\14-09-06.pdf","0.26"
"documents\standing-committee\Duplicate Review\15-03-08.pdf","0.34"
"documents\standing-committee\Duplicate Review\15-11-08.pdf","0.18"
"documents\standing-committee\Duplicate Review\16-01-07.pdf","0.32"
"documents\standing-committee\Duplicate Review\16-03-06.pdf","0.12"
"documents\standing-committee\Duplicate Review\16-07-08.pdf","0.12"
"documents\standing-committee\Duplicate Review\16-08-06.pdf","0.27"
"documents\standing-committee\Duplicate Review\16-10-06.pdf","0.08"
"documents\standing-committee\Duplicate Review\16-11-05.pdf","0.2"
"documents\standing-committee\Duplicate Review\17-01-08.pdf","0.25"
"documents\standing-committee\Duplicate Review\17-03-06.pdf","0.2"
"documents\standing-committee\Duplicate Review\17-05-05 (1).pdf","0.08"
"documents\standing-committee\Duplicate Review\17-05-05.pdf","0.08"
"documents\standing-committee\Duplicate Review\18-06-08.pdf","0.14"
"documents\standing-committee\Duplicate Review\18-07-91_to_28-11-91_(1).pdf","1.17"
"documents\standing-committee\Duplicate Review\18-09-07.pdf","0.21"
"documents\standing-committee\Duplicate Review\18-10-05 (1).pdf","0.25"
"documents\standing-committee\Duplicate Review\18-10-05.pdf","0.25"
"documents\standing-committee\Duplicate Review\19-03-08.pdf","0.06"
"documents\standing-committee\Duplicate Review\19-09-08.pdf","0.13"
"documents\standing-committee\Duplicate Review\20-07-05.pdf","0.28"
"documents\standing-committee\Duplicate Review\21-10-08.pdf","0.29"
"documents\standing-committee\Duplicate Review\22-03-06.pdf","0.15"
"documents\standing-committee\Duplicate Review\22-04-08.pdf","0.12"
"documents\standing-committee\Duplicate Review\22-09-06.pdf","0.25"
"documents\standing-committee\Duplicate Review\22-09-08.pdf","0.24"
"documents\standing-committee\Duplicate Review\22-11-05.pdf","0.12"
"documents\standing-committee\Duplicate Review\22-12-05.pdf","0.21"
"documents\standing-committee\Duplicate Review\22-12-05_(1).pdf","0.21"
"documents\standing-committee\Duplicate Review\23-02-06.pdf","0.18"
"documents\standing-committee\Duplicate Review\23-08-04to13-12-04.pdf","1.06"
"documents\standing-committee\Duplicate Review\23-10-07.pdf","0.26"
"documents\standing-committee\Duplicate Review\23-12-08.pdf","0.2"
"documents\standing-committee\Duplicate Review\24-01-07.pdf","0.15"
"documents\standing-committee\Duplicate Review\24-03-08.pdf","0.15"
"documents\standing-committee\Duplicate Review\24-07-08.pdf","0.14"
"documents\standing-committee\Duplicate Review\24-08-05.pdf","0.3"
"documents\standing-committee\Duplicate Review\25-03-08.pdf","0.15"
"documents\standing-committee\Duplicate Review\25-10-05.pdf","0.17"
"documents\standing-committee\Duplicate Review\25-11-08TKB.pdf","0.09"
"documents\standing-committee\Duplicate Review\26-04-06.pdf","0.11"
"documents\standing-committee\Duplicate Review\26-05-06.pdf","0.16"
"documents\standing-committee\Duplicate Review\26-07-06b.pdf","0.15"
"documents\standing-committee\Duplicate Review\27-02-07.pdf","0.38"
"documents\standing-committee\Duplicate Review\27-09-05.pdf","0.28"
"documents\standing-committee\Duplicate Review\27-11-07.pdf","0.3"
"documents\standing-committee\Duplicate Review\28-02-08.pdf","0.22"
"documents\standing-committee\Duplicate Review\28-03-06.pdf","0.31"
"documents\standing-committee\Duplicate Review\28-05-08.pdf","0.09"
"documents\standing-committee\Duplicate Review\28-06-06.pdf","0.2"
"documents\standing-committee\Duplicate Review\28-08-06.pdf","0.21"
"documents\standing-committee\Duplicate Review\29-06-05.pdf","0.22"
"documents\standing-committee\Duplicate Review\29-11-05.pdf","0.17"
"documents\standing-committee\Duplicate Review\30-04-08.pdf","0.13"
"documents\standing-committee\Duplicate Review\30-07-08.pdf","0.1"
"documents\standing-committee\Duplicate Review\31-03-06.pdf","0.32"
"documents\standing-committee\Duplicate Review\31-03-08.pdf","0.25"
"documents\standing-committee\Duplicate Review\31-05-05.pdf","0.18"
"documents\standing-committee\Duplicate Review\31-07-TKB-07-08-07.pdf","0.23"
"documents\standing-committee\Duplicate Review\31-08-05.pdf","0.25"
"documents\standing-committee\Duplicate Review\31-12-07.pdf","0.29"
"documents\standing-committee\Duplicate Review\a10-01-06.pdf","0.2"
"documents\standing-committee\Duplicate Review\b10-01-06.pdf","0.07"
"documents\standing-committee\Needs Review\03-10-03_to_30-1-04.pdf","0.88"
"documents\standing-committee\Needs Review\03-12-99_to_13-3-2000.pdf","1.4"
"documents\standing-committee\Needs Review\04-06-2001_to_30-01-2002.pdf","1.43"
"documents\standing-committee\Needs Review\05-04-02_to_28-02-03.pdf","1.39"
"documents\standing-committee\Needs Review\05-11-90_to_30-03-91.pdf","1.72"
"documents\standing-committee\Needs Review\06-03-07.pdf","0.04"
"documents\standing-committee\Needs Review\06-12-91_to_04-03-92.pdf","0.88"
"documents\standing-committee\Needs Review\07-12-98_to_24-03-99.pdf","2.08"
"documents\standing-committee\Needs Review\09-10-96_to_07-01-97.pdf","1.8"
"documents\standing-committee\Needs Review\09-11-89_to_30-03-90.pdf","1.71"
"documents\standing-committee\Needs Review\09-11-92_to_11-02-93.pdf","0.83"
"documents\standing-committee\Needs Review\12-01-07.pdf","0.23"
"documents\standing-committee\Needs Review\15-_16_03_15_KP.pdf","0.11"
"documents\standing-committee\Needs Review\16-03-06.pdf","0.12"
"documents\standing-committee\Needs Review\16-10-97_to_30-3-98.pdf","1.65"
"documents\standing-committee\Needs Review\17-03-06.pdf","0.2"
"documents\standing-committee\Needs Review\22-05-00_to_31-03-01.pdf","1.48"
"documents\standing-committee\Needs Review\24-11-88_to_18-1-89.pdf","0.93"
"documents\standing-committee\Needs Review\Project_Manager-Jahirat.pdf","1.36"
"documents\standing-committee\Needs Review\ShreeGaneshUtsav2026.pdf","9.07"
"documents\standing-committee\Needs Review\Street_Vendors_Election_Suchana.pdf","0.84"
"ncap\documents\BB6_1_LANDFILL_CSWAP_AUR.docx","2.46"
"ncap\documents\CD_1_2__CD_WASTE_TENDER_RFP.pdf","1.09"
"ncap\documents\CSMC_SELF_ASSESSMENT_REPORT_2025.pdf","3.57"
"ncap\documents\VE_4_CLEAN_FUEL_FUEL_QUALITY.pdf","0.13"
"ncap\documents\VE_7_2_TRAFFIC_DECONGESTION_ACTIONS_TAKEN_26,_2022.pdf","0.57"
"ncap\documents\VE_7_2_TRAFFIC_DECONGESTION_ACTIONS_TAKEN_26,_20221.pdf","0.57"
"ncap\documents\VE_8_1_Vehicle_scrapping_CSMC.pdf","0.48"
"ncap\documents\VE_9_1_NMT_PLAN_Abad_SMART_CITY_CYCLE_TRACKROUTES__Office_Order.pdf","3.09"
